-- ================================================================
-- 완전한 마스터 데이터베이스 (COMPLETE MASTER DATA)
-- 프로덕션 스키마 완벽 호환 버전
-- 생성일: 2026-02-21
-- 목적: 모든 카테고리에 충분한 샘플 데이터 제공 (중복 없이 최대치)
-- ================================================================

-- 안전 모드: INSERT OR IGNORE 사용 (중복 방지)
PRAGMA foreign_keys = OFF;

-- ================================================================
-- 1. REGIONS (17개 - 완료)
-- ================================================================
INSERT OR IGNORE INTO regions (id, name, type, description, featured_image, created_at) VALUES
(1, '제주도', 'tea', '청정 자연환경에서 재배되는 프리미엄 녹차의 고장', '/images/regions/jeju.jpg', '2024-01-01 00:00:00'),
(2, '하동', 'tea', '지리산 자락의 야생차 재배지, 1,200년 전통', '/images/regions/hadong.jpg', '2024-01-01 00:00:00'),
(3, '김해', 'tea', '낙동강 유역의 비옥한 토양에서 자라는 차', '/images/regions/gimhae.jpg', '2024-01-01 00:00:00'),
(4, '광양', 'tea', '섬진강과 지리산이 만나는 차 재배 최적지', '/images/regions/gwangyang.jpg', '2024-01-01 00:00:00'),
(5, '보성', 'tea', '대한민국 대표 녹차 생산지, 광활한 차밭 경관', '/images/regions/boseong.jpg', '2024-01-01 00:00:00'),
(6, '장흥', 'tea', '청태전 발효차의 본고장', '/images/regions/jangheung.jpg', '2024-01-01 00:00:00'),
(7, '해남', 'tea', '두륜산 자락의 차 명소', '/images/regions/haenam.jpg', '2024-01-01 00:00:00'),
(8, '순천', 'tea', '순천만과 어우러진 친환경 차 재배지', '/images/regions/suncheon.jpg', '2024-01-01 00:00:00'),
(9, '이천', 'craft', '대한민국 도자기의 메카', '/images/regions/icheon.jpg', '2024-01-01 00:00:00'),
(10, '여주', 'craft', '전통 도자기와 현대 공예의 조화', '/images/regions/yeoju.jpg', '2024-01-01 00:00:00'),
(11, '경기 광주', 'craft', '전통 도예와 목공예의 중심지', '/images/regions/gwangju-gg.jpg', '2024-01-01 00:00:00'),
(12, '전주', 'craft', '한지와 전통 공예품의 도시', '/images/regions/jeonju.jpg', '2024-01-01 00:00:00'),
(13, '담양', 'craft', '대나무 공예의 본고장', '/images/regions/damyang.jpg', '2024-01-01 00:00:00'),
(14, '남원', 'craft', '목기와 전통 악기 제작의 명소', '/images/regions/namwon.jpg', '2024-01-01 00:00:00'),
(15, '영주', 'craft', '인삼과 한약재로 유명한 전통 도시', '/images/regions/yeongju.jpg', '2024-01-01 00:00:00'),
(16, '안동', 'craft', '한지 공예와 전통 문화의 중심', '/images/regions/andong.jpg', '2024-01-01 00:00:00'),
(17, '강원 평창', 'craft', '고랭지 농산물과 자연 친화 공예', '/images/regions/pyeongchang.jpg', '2024-01-01 00:00:00');

-- ================================================================
-- 2. CATEGORIES (27개 - 완료)
-- ================================================================
INSERT OR IGNORE INTO categories (id, name, parent_id, type, description, display_order, created_at) VALUES
-- 차 제품 카테고리 (1-8)
(1, '녹차', NULL, 'tea', '전통 방식으로 제조한 프리미엄 녹차', 1, '2024-01-01 00:00:00'),
(2, '황차', NULL, 'tea', '귀한 황차 제품', 2, '2024-01-01 00:00:00'),
(3, '홍차', NULL, 'tea', '깊은 맛의 홍차', 3, '2024-01-01 00:00:00'),
(4, '백차', NULL, 'tea', '순수하고 깨끗한 백차', 4, '2024-01-01 00:00:00'),
(5, '말차', NULL, 'tea', '고급 말차 파우더', 5, '2024-01-01 00:00:00'),
(6, '우롱차', NULL, 'tea', '반발효차 우롱', 6, '2024-01-01 00:00:00'),
(7, '발효차', NULL, 'tea', '전통 발효 차', 7, '2024-01-01 00:00:00'),
(8, '블렌딩차', NULL, 'tea', '여러 차를 블렌딩한 제품', 8, '2024-01-01 00:00:00'),
-- 공예품 카테고리 (9-16)
(9, '다기', NULL, 'craft', '차를 우리는 전통 다기', 9, '2024-01-01 00:00:00'),
(10, '찻잔', NULL, 'craft', '다양한 디자인의 찻잔', 10, '2024-01-01 00:00:00'),
(11, '다관', NULL, 'craft', '차를 보관하는 전통 다관', 11, '2024-01-01 00:00:00'),
(12, '찻상', NULL, 'craft', '차를 즐기는 찻상', 12, '2024-01-01 00:00:00'),
(13, '다도구', NULL, 'craft', '다도에 필요한 소품', 13, '2024-01-01 00:00:00'),
(14, '향로', NULL, 'craft', '차 향을 즐기는 향로', 14, '2024-01-01 00:00:00'),
(15, '찻잔받침', NULL, 'craft', '찻잔을 올리는 받침', 15, '2024-01-01 00:00:00'),
(16, '전통공예', NULL, 'craft', '전통 수공예품', 16, '2024-01-01 00:00:00'),
-- 선물세트 카테고리 (17-21)
(17, '명절선물', NULL, 'gift', '명절용 선물세트', 17, '2024-01-01 00:00:00'),
(18, '기업선물', NULL, 'gift', '기업용 단체 선물', 18, '2024-01-01 00:00:00'),
(19, '프리미엄선물', NULL, 'gift', '고급 선물세트', 19, '2024-01-01 00:00:00'),
(20, '입문선물', NULL, 'gift', '차 입문자용 선물', 20, '2024-01-01 00:00:00'),
(21, '계절선물', NULL, 'gift', '계절별 특별 선물', 21, '2024-01-01 00:00:00'),
-- 지역특산물 카테고리 (22-27)
(22, '농산물', NULL, 'local', '지역 특산 농산물', 22, '2024-01-01 00:00:00'),
(23, '가공식품', NULL, 'local', '전통 가공 식품', 23, '2024-01-01 00:00:00'),
(24, '건강식품', NULL, 'local', '건강 기능 식품', 24, '2024-01-01 00:00:00'),
(25, '전통주', NULL, 'local', '지역 전통주', 25, '2024-01-01 00:00:00'),
(26, '꿀/청', NULL, 'local', '천연 꿀과 청', 26, '2024-01-01 00:00:00'),
(27, '지역특산품', NULL, 'local', '기타 지역 명물', 27, '2024-01-01 00:00:00');

-- ================================================================
-- 3. PRODUCERS (20개 - 확장: 6 → 20)
-- ================================================================
INSERT OR IGNORE INTO producers (id, name, region_id, producer_type, description, story, profile_image, contact_email, contact_phone, address, created_at) VALUES
-- 차 생산자 (1-12)
(1, '보성 녹차마을', 5, 'tea', '전통 방식으로 재배하는 녹차 전문 농장', '3대째 이어온 녹차 재배 전통', '/images/producers/boseong.jpg', 'boseong@tea.com', '010-1234-5678', '전남 보성군 보성읍', '2026-02-18 12:19:26'),
(2, '하동 야생차', 2, 'tea', '야생 차나무에서 채취한 프리미엄 차', '자연 그대로의 차를 전합니다', '/images/producers/hadong.jpg', 'hadong@tea.com', '010-2345-6789', '경남 하동군 화개면', '2026-02-18 12:19:29'),
(3, '제주 다원명가', 1, 'tea', '제주 청정 지역의 유기농 녹차', '제주의 맑은 공기와 물로 키운 차', '/images/producers/jeju-tea.jpg', 'jeju@tea.com', '010-3456-7890', '제주시 애월읍', '2024-01-01 00:00:00'),
(4, '광양 매화다원', 4, 'tea', '섬진강과 지리산의 청정 차', '매화와 함께 자라는 향기로운 차', '/images/producers/gwangyang.jpg', 'gwangyang@tea.com', '010-4567-8901', '전남 광양시 다압면', '2024-01-01 00:00:00'),
(5, '김해 대동차', 3, 'tea', '낙동강 유역의 전통 차', '100년 역사의 차 농가', '/images/producers/gimhae.jpg', 'gimhae@tea.com', '010-5678-9012', '경남 김해시 생림면', '2024-01-01 00:00:00'),
(6, '장흥 청태전', 6, 'tea', '발효차 전문 생산', '전통 청태전 제조 방식 고수', '/images/producers/jangheung.jpg', 'jangheung@tea.com', '010-6789-0123', '전남 장흥군 관산읍', '2024-01-01 00:00:00'),
(7, '해남 두륜차', 7, 'tea', '두륜산 자락의 명차', '깨끗한 환경에서 자란 차', '/images/producers/haenam.jpg', 'haenam@tea.com', '010-7890-1234', '전남 해남군 삼산면', '2024-01-01 00:00:00'),
(8, '순천 만차', 8, 'tea', '순천만 인근의 친환경 차', '자연과 함께하는 차 재배', '/images/producers/suncheon.jpg', 'suncheon@tea.com', '010-8901-2345', '전남 순천시 별량면', '2024-01-01 00:00:00'),
(9, '보성 유기농다원', 5, 'tea', '유기농 인증 전문 다원', '건강한 차를 만듭니다', '/images/producers/boseong-organic.jpg', 'organic@tea.com', '010-9012-3456', '전남 보성군 회천면', '2024-01-01 00:00:00'),
(10, '하동 화개골차', 2, 'tea', '화개골의 전통 차', '야생 차의 깊은 맛', '/images/producers/hadong-hwagae.jpg', 'hwagae@tea.com', '010-0123-4567', '경남 하동군 화개면', '2024-01-01 00:00:00'),
(11, '제주 한라다원', 1, 'tea', '한라산 자락의 프리미엄 차', '청정 제주의 자연을 담았습니다', '/images/producers/jeju-halla.jpg', 'halla@tea.com', '010-1122-3344', '제주시 조천읍', '2024-01-01 00:00:00'),
(12, '광양 백운다원', 4, 'tea', '백운산의 맑은 차', '산과 강이 만나는 곳의 차', '/images/producers/gwangyang-baekun.jpg', 'baekun@tea.com', '010-2233-4455', '전남 광양시 옥룡면', '2024-01-01 00:00:00'),
-- 공예 생산자 (13-20)
(13, '이천 도예공방', 9, 'craft', '전통 백자와 다기 제작', '400년 전통의 도자기 명가', '/images/producers/icheon-pottery.jpg', 'icheon@craft.com', '010-3344-5566', '경기도 이천시 신둔면', '2024-01-01 00:00:00'),
(14, '여주 청자공방', 10, 'craft', '고려청자 재현 전문', '청자의 아름다움을 되살립니다', '/images/producers/yeoju-celadon.jpg', 'yeoju@craft.com', '010-4455-6677', '경기도 여주시 점동면', '2024-01-01 00:00:00'),
(15, '경기 광주 도예공방', 11, 'craft', '현대적 감각의 다기 제작', '전통과 현대의 조화', '/images/producers/gwangju-gg.jpg', 'gwangju@craft.com', '010-5566-7788', '경기도 광주시 도척면', '2024-01-01 00:00:00'),
(16, '전주 한지공예', 12, 'craft', '전통 한지로 만든 공예품', '천년의 기술을 이어갑니다', '/images/producers/jeonju-hanji.jpg', 'jeonju@craft.com', '010-6677-8899', '전북 전주시 완산구', '2024-01-01 00:00:00'),
(17, '담양 죽공예', 13, 'craft', '대나무 공예품 전문', '자연의 아름다움을 담습니다', '/images/producers/damyang-bamboo.jpg', 'damyang@craft.com', '010-7788-9900', '전남 담양군 담양읍', '2024-01-01 00:00:00'),
(18, '남원 목공예', 14, 'craft', '전통 목기 제작', '나무의 온기를 전합니다', '/images/producers/namwon-wood.jpg', 'namwon@craft.com', '010-8899-0011', '전북 남원시 운봉읍', '2024-01-01 00:00:00'),
(19, '안동 전통공예', 16, 'craft', '한지와 목공예 복합', '안동의 전통을 이어갑니다', '/images/producers/andong-craft.jpg', 'andong@craft.com', '010-9900-1122', '경북 안동시 임동면', '2024-01-01 00:00:00'),
(20, '평창 자연공예', 17, 'craft', '자연 소재 공예품', '고랭지의 청정 자연을 담습니다', '/images/producers/pyeongchang-craft.jpg', 'pyeongchang@craft.com', '010-0011-2233', '강원 평창군 봉평면', '2024-01-01 00:00:00');

-- ================================================================
-- 4. PRODUCTS - 차 제품 (30개 - 확장: 7 → 30)
-- ================================================================
INSERT OR IGNORE INTO products (id, name, category_id, producer_id, description, price, stock, main_image, product_type, weight, origin, is_featured, is_available, view_count, created_at, original_price, discount_rate, commission_rate) VALUES
-- 녹차 (1-10)
(1, '보성 유기농 녹차 100g', 1, 1, '유기농 인증 받은 프리미엄 녹차', 21000, 50, '/images/products/green-tea-1.jpg', 'tea', '100g', '전남 보성', 1, 1, 0, '2026-02-18 12:20:25', 30000, 30, 9.9),
(2, '하동 야생차 50g', 1, 2, '야생 차나무에서 채취한 귀한 차', 35000, 30, '/images/products/green-tea-2.jpg', 'tea', '50g', '경남 하동', 1, 1, 0, '2024-01-01 00:00:00', 50000, 30, 9.9),
(3, '제주 청정 녹차 150g', 1, 3, '제주 청정 지역의 유기농 녹차', 28000, 40, '/images/products/green-tea-3.jpg', 'tea', '150g', '제주도', 1, 1, 0, '2024-01-01 00:00:00', 40000, 30, 9.9),
(4, '광양 봄차 100g', 1, 4, '섬진강 자락의 봄차', 24000, 35, '/images/products/green-tea-4.jpg', 'tea', '100g', '전남 광양', 0, 1, 0, '2024-01-01 00:00:00', 34000, 29, 9.9),
(5, '김해 대동차 100g', 1, 5, '낙동강 유역의 전통 녹차', 22000, 45, '/images/products/green-tea-5.jpg', 'tea', '100g', '경남 김해', 0, 1, 0, '2024-01-01 00:00:00', 31000, 29, 9.9),
(6, '보성 프리미엄 녹차 200g', 1, 1, '최고급 녹차잎만 선별', 42000, 25, '/images/products/green-tea-6.jpg', 'tea', '200g', '전남 보성', 1, 1, 0, '2024-01-01 00:00:00', 60000, 30, 9.9),
(7, '하동 화개골차 100g', 1, 10, '화개골의 전통 녹차', 32000, 30, '/images/products/green-tea-7.jpg', 'tea', '100g', '경남 하동', 0, 1, 0, '2024-01-01 00:00:00', 45000, 29, 9.9),
(8, '제주 한라산 녹차 100g', 1, 11, '한라산 자락의 프리미엄 차', 30000, 35, '/images/products/green-tea-8.jpg', 'tea', '100g', '제주도', 1, 1, 0, '2024-01-01 00:00:00', 43000, 30, 9.9),
(9, '순천만 녹차 100g', 1, 8, '순천만 친환경 녹차', 25000, 40, '/images/products/green-tea-9.jpg', 'tea', '100g', '전남 순천', 0, 1, 0, '2024-01-01 00:00:00', 36000, 31, 9.9),
(10, '보성 유기농 세작 100g', 1, 9, '유기농 인증 세작 녹차', 38000, 20, '/images/products/green-tea-10.jpg', 'tea', '100g', '전남 보성', 1, 1, 0, '2024-01-01 00:00:00', 54000, 30, 9.9),
-- 말차 (11-15)
(11, '제주 프리미엄 말차 50g', 5, 3, '고급 말차 파우더', 28000, 30, '/images/products/matcha-1.jpg', 'tea', '50g', '제주도', 1, 1, 0, '2024-01-01 00:00:00', 40000, 30, 9.9),
(12, '보성 유기농 말차 100g', 5, 1, '유기농 인증 말차', 45000, 20, '/images/products/matcha-2.jpg', 'tea', '100g', '전남 보성', 1, 1, 0, '2024-01-01 00:00:00', 64000, 30, 9.9),
(13, '하동 야생 말차 50g', 5, 2, '야생차로 만든 희귀 말차', 52000, 15, '/images/products/matcha-3.jpg', 'tea', '50g', '경남 하동', 1, 1, 0, '2024-01-01 00:00:00', 74000, 30, 9.9),
(14, '광양 말차 라떼용 100g', 5, 4, '라떼 제조에 최적화', 32000, 25, '/images/products/matcha-4.jpg', 'tea', '100g', '전남 광양', 0, 1, 0, '2024-01-01 00:00:00', 46000, 30, 9.9),
(15, '제주 한라 말차 30g', 5, 11, '소용량 프리미엄 말차', 18000, 40, '/images/products/matcha-5.jpg', 'tea', '30g', '제주도', 0, 1, 0, '2024-01-01 00:00:00', 26000, 31, 9.9),
-- 홍차 (16-20)
(16, '제주 홍차 50g', 3, 3, '제주산 수제 홍차', 24000, 25, '/images/products/black-tea-1.jpg', 'tea', '50g', '제주도', 0, 1, 0, '2024-01-01 00:00:00', 34000, 29, 9.9),
(17, '보성 발효 홍차 100g', 3, 1, '깊은 맛의 발효 홍차', 28000, 30, '/images/products/black-tea-2.jpg', 'tea', '100g', '전남 보성', 0, 1, 0, '2024-01-01 00:00:00', 40000, 30, 9.9),
(18, '하동 야생 홍차 50g', 3, 2, '야생차로 만든 프리미엄 홍차', 35000, 20, '/images/products/black-tea-3.jpg', 'tea', '50g', '경남 하동', 1, 1, 0, '2024-01-01 00:00:00', 50000, 30, 9.9),
(19, '광양 홍차 100g', 3, 4, '섬진강 홍차', 26000, 28, '/images/products/black-tea-4.jpg', 'tea', '100g', '전남 광양', 0, 1, 0, '2024-01-01 00:00:00', 37000, 30, 9.9),
(20, '김해 홍차 100g', 3, 5, '낙동강 유역 홍차', 25000, 32, '/images/products/black-tea-5.jpg', 'tea', '100g', '경남 김해', 0, 1, 0, '2024-01-01 00:00:00', 36000, 31, 9.9),
-- 발효차 (21-25)
(21, '장흥 청태전 100g', 7, 6, '전통 청태전 발효차', 38000, 20, '/images/products/fermented-1.jpg', 'tea', '100g', '전남 장흥', 1, 1, 0, '2024-01-01 00:00:00', 54000, 30, 9.9),
(22, '보성 발효차 100g', 7, 1, '깊은 맛의 발효차', 32000, 25, '/images/products/fermented-2.jpg', 'tea', '100g', '전남 보성', 0, 1, 0, '2024-01-01 00:00:00', 46000, 30, 9.9),
(23, '하동 야생 발효차 50g', 7, 2, '야생차 발효 제품', 42000, 15, '/images/products/fermented-3.jpg', 'tea', '50g', '경남 하동', 1, 1, 0, '2024-01-01 00:00:00', 60000, 30, 9.9),
(24, '해남 두륜 발효차 100g', 7, 7, '두륜산 발효차', 35000, 22, '/images/products/fermented-4.jpg', 'tea', '100g', '전남 해남', 0, 1, 0, '2024-01-01 00:00:00', 50000, 30, 9.9),
(25, '순천 발효차 100g', 7, 8, '순천만 발효차', 33000, 28, '/images/products/fermented-5.jpg', 'tea', '100g', '전남 순천', 0, 1, 0, '2024-01-01 00:00:00', 47000, 30, 9.9),
-- 블렌딩차 (26-30)
(26, '제주 블렌딩 허브티 50g', 8, 3, '제주 허브와 녹차 블렌딩', 22000, 35, '/images/products/blend-1.jpg', 'tea', '50g', '제주도', 0, 1, 0, '2024-01-01 00:00:00', 31000, 29, 9.9),
(27, '보성 혼합차 100g', 8, 1, '녹차와 홍차의 조화', 28000, 30, '/images/products/blend-2.jpg', 'tea', '100g', '전남 보성', 0, 1, 0, '2024-01-01 00:00:00', 40000, 30, 9.9),
(28, '하동 야생 블렌딩 50g', 8, 2, '야생차 블렌딩', 35000, 20, '/images/products/blend-3.jpg', 'tea', '50g', '경남 하동', 1, 1, 0, '2024-01-01 00:00:00', 50000, 30, 9.9),
(29, '광양 계절 블렌딩 100g', 8, 4, '계절별 특별 블렌딩', 26000, 32, '/images/products/blend-4.jpg', 'tea', '100g', '전남 광양', 0, 1, 0, '2024-01-01 00:00:00', 37000, 30, 9.9),
(30, '김해 전통 블렌딩 100g', 8, 5, '전통 방식 블렌딩', 24000, 35, '/images/products/blend-5.jpg', 'tea', '100g', '경남 김해', 0, 1, 0, '2024-01-01 00:00:00', 34000, 29, 9.9);

-- ================================================================
-- 5. PRODUCTS - 공예품 (30개 - 확장: 4 → 30)
-- ================================================================
INSERT OR IGNORE INTO products (id, name, category_id, producer_id, description, price, stock, main_image, product_type, weight, origin, is_featured, is_available, view_count, created_at, original_price, discount_rate, commission_rate) VALUES
-- 다기 (31-38)
(31, '이천 백자 다기 세트', 9, 13, '전통 백자로 만든 다기 5종', 85000, 15, '/images/products/tea-set-1.jpg', 'craft', '1.2kg', '경기 이천', 1, 1, 0, '2024-01-01 00:00:00', 121000, 30, 9.9),
(32, '여주 청자 다기 3종', 9, 14, '고려청자 재현 다기', 68000, 20, '/images/products/tea-set-2.jpg', 'craft', '900g', '경기 여주', 1, 1, 0, '2024-01-01 00:00:00', 97000, 30, 9.9),
(33, '광주 현대 다기 세트', 9, 15, '현대적 감각의 다기', 55000, 25, '/images/products/tea-set-3.jpg', 'craft', '800g', '경기 광주', 0, 1, 0, '2024-01-01 00:00:00', 79000, 30, 9.9),
(34, '이천 프리미엄 다기', 9, 13, '최고급 백자 다기', 120000, 10, '/images/products/tea-set-4.jpg', 'craft', '1.5kg', '경기 이천', 1, 1, 0, '2024-01-01 00:00:00', 171000, 30, 9.9),
(35, '여주 청자 찻잔 세트', 9, 14, '청자 찻잔 6개 세트', 48000, 18, '/images/products/tea-set-5.jpg', 'craft', '600g', '경기 여주', 0, 1, 0, '2024-01-01 00:00:00', 69000, 30, 9.9),
(36, '광주 미니 다기', 9, 15, '소형 다기 세트', 38000, 30, '/images/products/tea-set-6.jpg', 'craft', '500g', '경기 광주', 0, 1, 0, '2024-01-01 00:00:00', 54000, 30, 9.9),
(37, '이천 전통 다기', 9, 13, '전통 방식 제작 다기', 95000, 12, '/images/products/tea-set-7.jpg', 'craft', '1.3kg', '경기 이천', 1, 1, 0, '2024-01-01 00:00:00', 136000, 30, 9.9),
(38, '여주 청자 다관', 9, 14, '청자 다관 단품', 42000, 22, '/images/products/tea-set-8.jpg', 'craft', '400g', '경기 여주', 0, 1, 0, '2024-01-01 00:00:00', 60000, 30, 9.9),
-- 찻잔 (39-44)
(39, '이천 백자 찻잔 (2개)', 10, 13, '백자 찻잔 2개 세트', 28000, 35, '/images/products/teacup-1.jpg', 'craft', '200g', '경기 이천', 0, 1, 0, '2024-01-01 00:00:00', 40000, 30, 9.9),
(40, '여주 청자 찻잔 (2개)', 10, 14, '청자 찻잔 2개 세트', 32000, 30, '/images/products/teacup-2.jpg', 'craft', '220g', '경기 여주', 0, 1, 0, '2024-01-01 00:00:00', 46000, 30, 9.9),
(41, '광주 현대 찻잔 (4개)', 10, 15, '현대적 디자인 찻잔 4개', 35000, 28, '/images/products/teacup-3.jpg', 'craft', '300g', '경기 광주', 0, 1, 0, '2024-01-01 00:00:00', 50000, 30, 9.9),
(42, '이천 프리미엄 찻잔', 10, 13, '최고급 백자 찻잔', 48000, 20, '/images/products/teacup-4.jpg', 'craft', '250g', '경기 이천', 1, 1, 0, '2024-01-01 00:00:00', 69000, 30, 9.9),
(43, '여주 청자 명품 찻잔', 10, 14, '명품 청자 찻잔', 52000, 15, '/images/products/teacup-5.jpg', 'craft', '280g', '경기 여주', 1, 1, 0, '2024-01-01 00:00:00', 74000, 30, 9.9),
(44, '광주 컬러 찻잔 세트', 10, 15, '다양한 색상 찻잔', 38000, 25, '/images/products/teacup-6.jpg', 'craft', '320g', '경기 광주', 0, 1, 0, '2024-01-01 00:00:00', 54000, 30, 9.9),
-- 찻상 (45-48)
(45, '남원 원목 찻상', 12, 18, '천연 원목 찻상', 125000, 8, '/images/products/tea-table-1.jpg', 'craft', '3.5kg', '전북 남원', 1, 1, 0, '2024-01-01 00:00:00', 179000, 30, 9.9),
(46, '담양 대나무 찻상', 12, 17, '대나무 찻상', 88000, 12, '/images/products/tea-table-2.jpg', 'craft', '2.8kg', '전남 담양', 0, 1, 0, '2024-01-01 00:00:00', 126000, 30, 9.9),
(47, '안동 한지 찻상', 12, 19, '한지 장식 찻상', 95000, 10, '/images/products/tea-table-3.jpg', 'craft', '3.0kg', '경북 안동', 1, 1, 0, '2024-01-01 00:00:00', 136000, 30, 9.9),
(48, '남원 접이식 찻상', 12, 18, '접이식 휴대용 찻상', 68000, 15, '/images/products/tea-table-4.jpg', 'craft', '2.2kg', '전북 남원', 0, 1, 0, '2024-01-01 00:00:00', 97000, 30, 9.9),
-- 다도구 (49-54)
(49, '전주 한지 다도구', 13, 16, '한지로 만든 다도구 세트', 42000, 20, '/images/products/tea-tools-1.jpg', 'craft', '300g', '전북 전주', 0, 1, 0, '2024-01-01 00:00:00', 60000, 30, 9.9),
(50, '담양 죽제 다도구', 13, 17, '대나무 다도구 세트', 38000, 25, '/images/products/tea-tools-2.jpg', 'craft', '250g', '전남 담양', 0, 1, 0, '2024-01-01 00:00:00', 54000, 30, 9.9),
(51, '남원 목제 다도구', 13, 18, '원목 다도구 세트', 45000, 18, '/images/products/tea-tools-3.jpg', 'craft', '350g', '전북 남원', 0, 1, 0, '2024-01-01 00:00:00', 64000, 30, 9.9),
(52, '안동 전통 다도구', 13, 19, '전통 방식 다도구', 48000, 15, '/images/products/tea-tools-4.jpg', 'craft', '400g', '경북 안동', 1, 1, 0, '2024-01-01 00:00:00', 69000, 30, 9.9),
(53, '평창 자연 다도구', 13, 20, '자연 소재 다도구', 35000, 22, '/images/products/tea-tools-5.jpg', 'craft', '280g', '강원 평창', 0, 1, 0, '2024-01-01 00:00:00', 50000, 30, 9.9),
(54, '전주 프리미엄 다도구', 13, 16, '최고급 한지 다도구', 58000, 12, '/images/products/tea-tools-6.jpg', 'craft', '500g', '전북 전주', 1, 1, 0, '2024-01-01 00:00:00', 83000, 30, 9.9),
-- 향로/기타 (55-60)
(55, '이천 백자 향로', 14, 13, '백자 향로', 55000, 18, '/images/products/incense-1.jpg', 'craft', '600g', '경기 이천', 0, 1, 0, '2024-01-01 00:00:00', 79000, 30, 9.9),
(56, '여주 청자 향로', 14, 14, '청자 향로', 62000, 15, '/images/products/incense-2.jpg', 'craft', '650g', '경기 여주', 1, 1, 0, '2024-01-01 00:00:00', 89000, 30, 9.9),
(57, '담양 죽제 찻잔받침', 15, 17, '대나무 찻잔받침 세트', 25000, 30, '/images/products/saucer-1.jpg', 'craft', '150g', '전남 담양', 0, 1, 0, '2024-01-01 00:00:00', 36000, 31, 9.9),
(58, '남원 원목 찻잔받침', 15, 18, '원목 찻잔받침 세트', 28000, 28, '/images/products/saucer-2.jpg', 'craft', '180g', '전북 남원', 0, 1, 0, '2024-01-01 00:00:00', 40000, 30, 9.9),
(59, '전주 한지 공예품', 16, 16, '전통 한지 공예품', 35000, 20, '/images/products/traditional-1.jpg', 'craft', '200g', '전북 전주', 0, 1, 0, '2024-01-01 00:00:00', 50000, 30, 9.9),
(60, '안동 전통 공예품', 16, 19, '안동 전통 공예품', 42000, 18, '/images/products/traditional-2.jpg', 'craft', '300g', '경북 안동', 1, 1, 0, '2024-01-01 00:00:00', 60000, 30, 9.9);

-- ================================================================
-- 6. PRODUCTS - 선물세트 (20개 - 확장: 3 → 20)
-- ================================================================
INSERT OR IGNORE INTO products (id, name, category_id, producer_id, description, price, stock, main_image, product_type, weight, origin, is_featured, is_available, view_count, created_at, original_price, discount_rate, commission_rate) VALUES
-- 명절선물 (61-65)
(61, '프리미엄 명절 선물세트', 17, 1, '녹차 3종 + 다기 세트', 85000, 30, '/images/products/gift-holiday-1.jpg', 'gift_set', '1.5kg', '전남 보성', 1, 1, 0, '2024-01-01 00:00:00', 121000, 30, 9.9),
(62, '전통 명절 선물세트', 17, 2, '발효차 2종 + 찻잔 세트', 68000, 25, '/images/products/gift-holiday-2.jpg', 'gift_set', '1.2kg', '경남 하동', 1, 1, 0, '2024-01-01 00:00:00', 97000, 30, 9.9),
(63, '제주 명절 선물세트', 17, 3, '제주 녹차 + 말차 세트', 72000, 28, '/images/products/gift-holiday-3.jpg', 'gift_set', '800g', '제주도', 1, 1, 0, '2024-01-01 00:00:00', 103000, 30, 9.9),
(64, '가족 명절 선물세트', 17, 1, '녹차 5종 대용량', 95000, 20, '/images/products/gift-holiday-4.jpg', 'gift_set', '1.8kg', '전남 보성', 0, 1, 0, '2024-01-01 00:00:00', 136000, 30, 9.9),
(65, '한가위 특별 선물세트', 17, 4, '광양 차 + 공예품', 78000, 22, '/images/products/gift-holiday-5.jpg', 'gift_set', '1.3kg', '전남 광양', 0, 1, 0, '2024-01-01 00:00:00', 111000, 30, 9.9),
-- 기업선물 (66-70)
(66, '기업 프리미엄 선물세트', 18, 1, '녹차 + 다기 + 포장', 120000, 50, '/images/products/gift-corporate-1.jpg', 'gift_set', '2.0kg', '전남 보성', 1, 1, 0, '2024-01-01 00:00:00', 171000, 30, 9.9),
(67, '기업 스탠다드 선물세트', 18, 2, '하동차 3종 세트', 88000, 60, '/images/products/gift-corporate-2.jpg', 'gift_set', '1.5kg', '경남 하동', 1, 1, 0, '2024-01-01 00:00:00', 126000, 30, 9.9),
(68, '기업 감사 선물세트', 18, 3, '제주 차 + 간식 세트', 75000, 55, '/images/products/gift-corporate-3.jpg', 'gift_set', '1.4kg', '제주도', 0, 1, 0, '2024-01-01 00:00:00', 107000, 30, 9.9),
(69, '기업 VIP 선물세트', 18, 13, '명품 다기 + 프리미엄 차', 250000, 20, '/images/products/gift-corporate-4.jpg', 'gift_set', '3.0kg', '경기 이천', 1, 1, 0, '2024-01-01 00:00:00', 357000, 30, 9.9),
(70, '기업 일반 선물세트', 18, 1, '녹차 2종 실속 세트', 58000, 80, '/images/products/gift-corporate-5.jpg', 'gift_set', '1.0kg', '전남 보성', 0, 1, 0, '2024-01-01 00:00:00', 83000, 30, 9.9),
-- 프리미엄선물 (71-74)
(71, '명품 프리미엄 선물세트', 19, 2, '야생차 + 백자다기 세트', 180000, 15, '/images/products/gift-premium-1.jpg', 'gift_set', '2.5kg', '경남 하동', 1, 1, 0, '2024-01-01 00:00:00', 257000, 30, 9.9),
(72, '황실 프리미엄 선물세트', 19, 13, '이천 백자 + 최고급 차', 320000, 10, '/images/products/gift-premium-2.jpg', 'gift_set', '3.5kg', '경기 이천', 1, 1, 0, '2024-01-01 00:00:00', 457000, 30, 9.9),
(73, '장인 프리미엄 선물세트', 19, 14, '청자 다기 + 프리미엄 차', 220000, 12, '/images/products/gift-premium-3.jpg', 'gift_set', '2.8kg', '경기 여주', 1, 1, 0, '2024-01-01 00:00:00', 314000, 30, 9.9),
(74, '제주 프리미엄 선물세트', 19, 3, '제주 최고급 차 3종', 150000, 18, '/images/products/gift-premium-4.jpg', 'gift_set', '1.2kg', '제주도', 1, 1, 0, '2024-01-01 00:00:00', 214000, 30, 9.9),
-- 입문/계절선물 (75-80)
(75, '차 입문 선물세트', 20, 1, '초보자용 녹차 + 다기', 42000, 40, '/images/products/gift-beginner-1.jpg', 'gift_set', '800g', '전남 보성', 0, 1, 0, '2024-01-01 00:00:00', 60000, 30, 9.9),
(76, '간편 입문 선물세트', 20, 3, '제주 녹차 + 간단 다도구', 35000, 45, '/images/products/gift-beginner-2.jpg', 'gift_set', '600g', '제주도', 0, 1, 0, '2024-01-01 00:00:00', 50000, 30, 9.9),
(77, '봄 계절 선물세트', 21, 4, '봄차 2종 + 벚꽃 찻잔', 58000, 30, '/images/products/gift-season-spring.jpg', 'gift_set', '1.0kg', '전남 광양', 0, 1, 0, '2024-01-01 00:00:00', 83000, 30, 9.9),
(78, '여름 계절 선물세트', 21, 8, '냉침차 + 유리 다기', 52000, 35, '/images/products/gift-season-summer.jpg', 'gift_set', '900g', '전남 순천', 0, 1, 0, '2024-01-01 00:00:00', 74000, 30, 9.9),
(79, '가을 계절 선물세트', 21, 1, '가을 녹차 + 단풍 찻잔', 55000, 32, '/images/products/gift-season-autumn.jpg', 'gift_set', '950g', '전남 보성', 0, 1, 0, '2024-01-01 00:00:00', 79000, 30, 9.9),
(80, '겨울 계절 선물세트', 21, 2, '발효차 + 보온 다기', 62000, 28, '/images/products/gift-season-winter.jpg', 'gift_set', '1.1kg', '경남 하동', 0, 1, 0, '2024-01-01 00:00:00', 89000, 30, 9.9);

-- ================================================================
-- 7. PRODUCTS - 지역특산물 (40개 - 확장: 3 → 40)
-- ================================================================
INSERT OR IGNORE INTO products (id, name, category_id, producer_id, description, price, stock, main_image, product_type, weight, origin, is_featured, is_available, view_count, created_at, original_price, discount_rate, commission_rate) VALUES
-- 농산물 (81-90)
(81, '보성 녹차쌀 5kg', 22, 1, '녹차를 먹여 키운 프리미엄 쌀', 28000, 50, '/images/products/local-rice-1.jpg', 'local', '5kg', '전남 보성', 1, 1, 0, '2024-01-01 00:00:00', 40000, 30, 9.9),
(82, '하동 야생 표고버섯 500g', 22, 2, '야생 표고버섯', 35000, 30, '/images/products/local-mushroom-1.jpg', 'local', '500g', '경남 하동', 1, 1, 0, '2024-01-01 00:00:00', 50000, 30, 9.9),
(83, '제주 감귤 5kg', 22, 3, '제주 청정 감귤', 32000, 60, '/images/products/local-citrus-1.jpg', 'local', '5kg', '제주도', 1, 1, 0, '2024-01-01 00:00:00', 46000, 30, 9.9),
(84, '평창 고랭지 배추 10kg', 22, 20, '해발 700m 고랭지 배추', 25000, 40, '/images/products/local-cabbage-1.jpg', 'local', '10kg', '강원 평창', 0, 1, 0, '2024-01-01 00:00:00', 36000, 31, 9.9),
(85, '담양 대나무순 1kg', 22, 17, '신선한 대나무순', 18000, 35, '/images/products/local-bamboo-shoot.jpg', 'local', '1kg', '전남 담양', 0, 1, 0, '2024-01-01 00:00:00', 26000, 31, 9.9),
(86, '광양 매실 2kg', 22, 4, '유기농 매실', 22000, 45, '/images/products/local-plum.jpg', 'local', '2kg', '전남 광양', 0, 1, 0, '2024-01-01 00:00:00', 31000, 29, 9.9),
(87, '순천만 갯벌 낙지 1kg', 22, 8, '순천만 갯벌 낙지', 38000, 25, '/images/products/local-octopus.jpg', 'local', '1kg', '전남 순천', 1, 1, 0, '2024-01-01 00:00:00', 54000, 30, 9.9),
(88, '하동 밤 2kg', 22, 2, '지리산 밤', 24000, 40, '/images/products/local-chestnut.jpg', 'local', '2kg', '경남 하동', 0, 1, 0, '2024-01-01 00:00:00', 34000, 29, 9.9),
(89, '제주 당근 5kg', 22, 3, '제주 무농약 당근', 20000, 50, '/images/products/local-carrot.jpg', 'local', '5kg', '제주도', 0, 1, 0, '2024-01-01 00:00:00', 29000, 31, 9.9),
(90, '보성 녹차 고구마 3kg', 22, 1, '녹차 재배지 고구마', 18000, 55, '/images/products/local-sweetpotato.jpg', 'local', '3kg', '전남 보성', 0, 1, 0, '2024-01-01 00:00:00', 26000, 31, 9.9),
-- 가공식품 (91-100)
(91, '보성 녹차국수 1kg', 23, 1, '녹차 함유 수제 국수', 15000, 60, '/images/products/local-noodle-1.jpg', 'local', '1kg', '전남 보성', 0, 1, 0, '2024-01-01 00:00:00', 21000, 29, 9.9),
(92, '하동 야생차 엑기스 500ml', 23, 2, '야생차 농축 엑기스', 42000, 30, '/images/products/local-extract-1.jpg', 'local', '500ml', '경남 하동', 1, 1, 0, '2024-01-01 00:00:00', 60000, 30, 9.9),
(93, '제주 녹차 초콜릿 200g', 23, 3, '제주 말차 초콜릿', 18000, 45, '/images/products/local-chocolate.jpg', 'local', '200g', '제주도', 0, 1, 0, '2024-01-01 00:00:00', 26000, 31, 9.9),
(94, '광양 매실청 1L', 23, 4, '유기농 매실청', 28000, 40, '/images/products/local-plum-syrup.jpg', 'local', '1L', '전남 광양', 1, 1, 0, '2024-01-01 00:00:00', 40000, 30, 9.9),
(95, '장흥 발효차 분말 100g', 23, 6, '청태전 분말', 32000, 25, '/images/products/local-tea-powder.jpg', 'local', '100g', '전남 장흥', 0, 1, 0, '2024-01-01 00:00:00', 46000, 30, 9.9),
(96, '담양 대나무 식초 500ml', 23, 17, '대나무 발효 식초', 22000, 35, '/images/products/local-vinegar.jpg', 'local', '500ml', '전남 담양', 0, 1, 0, '2024-01-01 00:00:00', 31000, 29, 9.9),
(97, '전주 전통 한과 500g', 23, 16, '한지 포장 전통 한과', 25000, 40, '/images/products/local-hangwa.jpg', 'local', '500g', '전북 전주', 0, 1, 0, '2024-01-01 00:00:00', 36000, 31, 9.9),
(98, '보성 녹차 떡 1kg', 23, 1, '녹차 함유 떡 세트', 20000, 30, '/images/products/local-ricecake.jpg', 'local', '1kg', '전남 보성', 0, 1, 0, '2024-01-01 00:00:00', 29000, 31, 9.9),
(99, '제주 말차 쿠키 300g', 23, 3, '제주 말차 쿠키', 16000, 50, '/images/products/local-cookie.jpg', 'local', '300g', '제주도', 0, 1, 0, '2024-01-01 00:00:00', 23000, 30, 9.9),
(100, '하동 녹차 잼 500g', 23, 2, '녹차 함유 수제 잼', 18000, 38, '/images/products/local-jam.jpg', 'local', '500g', '경남 하동', 0, 1, 0, '2024-01-01 00:00:00', 26000, 31, 9.9),
-- 건강식품 (101-108)
(101, '보성 녹차 알약 120정', 24, 1, '녹차 추출물 건강식품', 35000, 40, '/images/products/local-supplement-1.jpg', 'local', '120정', '전남 보성', 1, 1, 0, '2024-01-01 00:00:00', 50000, 30, 9.9),
(102, '하동 야생차 캡슐 90정', 24, 2, '야생차 농축 캡슐', 48000, 30, '/images/products/local-supplement-2.jpg', 'local', '90정', '경남 하동', 1, 1, 0, '2024-01-01 00:00:00', 69000, 30, 9.9),
(103, '제주 말차 파우더 건강식품 200g', 24, 3, '말차 건강 보조식품', 38000, 35, '/images/products/local-supplement-3.jpg', 'local', '200g', '제주도', 0, 1, 0, '2024-01-01 00:00:00', 54000, 30, 9.9),
(104, '영주 인삼차 60포', 24, 15, '6년근 홍삼차', 55000, 25, '/images/products/local-ginseng.jpg', 'local', '60포', '경북 영주', 1, 1, 0, '2024-01-01 00:00:00', 79000, 30, 9.9),
(105, '광양 매실 엑기스 500ml', 24, 4, '매실 발효 엑기스', 42000, 28, '/images/products/local-plum-extract.jpg', 'local', '500ml', '전남 광양', 0, 1, 0, '2024-01-01 00:00:00', 60000, 30, 9.9),
(106, '장흥 발효차 건강식품 100정', 24, 6, '청태전 추출물', 45000, 22, '/images/products/local-fermented-supplement.jpg', 'local', '100정', '전남 장흥', 0, 1, 0, '2024-01-01 00:00:00', 64000, 30, 9.9),
(107, '보성 녹차 분말 건강식품 300g', 24, 9, '유기농 녹차 분말', 32000, 35, '/images/products/local-greentea-powder.jpg', 'local', '300g', '전남 보성', 0, 1, 0, '2024-01-01 00:00:00', 46000, 30, 9.9),
(108, '제주 감귤 비타민 90정', 24, 3, '제주 감귤 비타민C', 28000, 40, '/images/products/local-vitamin.jpg', 'local', '90정', '제주도', 0, 1, 0, '2024-01-01 00:00:00', 40000, 30, 9.9),
-- 전통주 (109-113)
(109, '하동 매실주 375ml', 25, 2, '지리산 매실주', 35000, 30, '/images/products/local-liquor-1.jpg', 'local', '375ml', '경남 하동', 1, 1, 0, '2024-01-01 00:00:00', 50000, 30, 9.9),
(110, '전주 이강주 500ml', 25, 16, '전통 이강주', 42000, 25, '/images/products/local-liquor-2.jpg', 'local', '500ml', '전북 전주', 1, 1, 0, '2024-01-01 00:00:00', 60000, 30, 9.9),
(111, '보성 녹차주 375ml', 25, 1, '녹차 발효주', 38000, 28, '/images/products/local-liquor-3.jpg', 'local', '375ml', '전남 보성', 0, 1, 0, '2024-01-01 00:00:00', 54000, 30, 9.9),
(112, '광양 매화주 500ml', 25, 4, '섬진강 매화주', 45000, 22, '/images/products/local-liquor-4.jpg', 'local', '500ml', '전남 광양', 1, 1, 0, '2024-01-01 00:00:00', 64000, 30, 9.9),
(113, '제주 한라산 소주 375ml', 25, 3, '제주 전통 소주', 28000, 35, '/images/products/local-soju.jpg', 'local', '375ml', '제주도', 0, 1, 0, '2024-01-01 00:00:00', 40000, 30, 9.9),
-- 꿀/청 (114-120)
(114, '보성 야생화꿀 500g', 26, 1, '녹차밭 야생화 벌꿀', 32000, 35, '/images/products/local-honey-1.jpg', 'local', '500g', '전남 보성', 1, 1, 0, '2024-01-01 00:00:00', 46000, 30, 9.9),
(115, '하동 밤꿀 500g', 26, 2, '지리산 밤꿀', 35000, 30, '/images/products/local-honey-2.jpg', 'local', '500g', '경남 하동', 1, 1, 0, '2024-01-01 00:00:00', 50000, 30, 9.9),
(116, '제주 유채꿀 500g', 26, 3, '제주 유채꿀', 30000, 40, '/images/products/local-honey-3.jpg', 'local', '500g', '제주도', 0, 1, 0, '2024-01-01 00:00:00', 43000, 30, 9.9),
(117, '광양 매실청 1kg', 26, 4, '광양 매실 100% 청', 38000, 32, '/images/products/local-plum-cheong.jpg', 'local', '1kg', '전남 광양', 1, 1, 0, '2024-01-01 00:00:00', 54000, 30, 9.9),
(118, '순천 생강청 500g', 26, 8, '순천만 생강청', 22000, 35, '/images/products/local-ginger-cheong.jpg', 'local', '500g', '전남 순천', 0, 1, 0, '2024-01-01 00:00:00', 31000, 29, 9.9),
(119, '담양 대추청 500g', 26, 17, '담양 대추 100% 청', 28000, 30, '/images/products/local-jujube-cheong.jpg', 'local', '500g', '전남 담양', 0, 1, 0, '2024-01-01 00:00:00', 40000, 30, 9.9),
(120, '보성 유자청 1kg', 26, 1, '보성 유자 청', 32000, 35, '/images/products/local-yuzu-cheong.jpg', 'local', '1kg', '전남 보성', 0, 1, 0, '2024-01-01 00:00:00', 46000, 30, 9.9);

-- ================================================================
-- 8. EXPERIENCES (20개 - 확장: 8 → 20)
-- ================================================================
INSERT OR IGNORE INTO experiences (id, title, region_id, producer_id, experience_type, description, duration, price, max_participants, main_image, is_available, created_at, original_price, discount_rate, commission_rate) VALUES
(1, '제주 차밭 산책과 차 만들기 체험', 1, 3, 'farm_tour', '제주 청정 차밭을 걸으며 차나무를 관찰하고, 직접 차를 만들어보는 힐링 체험', '3시간', 45000, 15, '/images/experiences/jeju-tea-farm.jpg', 1, '2024-01-10 00:00:00', 64000, 30, 9.9),
(2, '보성 녹차밭 명상 체험', 5, 1, 'tea_tasting', '광활한 녹차밭에서 진행되는 명상과 차 시음', '2시간', 35000, 20, '/images/experiences/boseong-meditation.jpg', 1, '2024-01-10 00:00:00', 50000, 30, 9.9),
(3, '하동 전통 다례 교육', 2, 2, 'tea_ceremony', '1200년 전통의 하동 차 문화를 배우는 다례 교육', '2.5시간', 40000, 12, '/images/experiences/hadong-ceremony.jpg', 1, '2024-01-10 00:00:00', 57000, 30, 9.9),
(4, '이천 도예 체험 - 나만의 찻잔 만들기', 9, 13, 'craft_workshop', '전통 백자 찻잔을 직접 빚어보는 도예 체험', '3시간', 55000, 10, '/images/experiences/icheon-pottery.jpg', 1, '2024-01-10 00:00:00', 79000, 30, 9.9),
(5, '여주 청자 다기 제작 워크숍', 10, 14, 'craft_workshop', '고려청자 기법으로 다기를 만드는 전문 워크숍', '4시간', 85000, 8, '/images/experiences/yeoju-celadon.jpg', 1, '2024-01-10 00:00:00', 121000, 30, 9.9),
(6, '광주 현대 다기 디자인 체험', 11, 15, 'craft_workshop', '현대적 감각의 다기를 디자인하고 제작', '3.5시간', 68000, 12, '/images/experiences/gwangju-design.jpg', 1, '2024-01-10 00:00:00', 97000, 30, 9.9),
(7, '전주 한지 공예 워크숍', 12, 16, 'craft_workshop', '전통 한지로 다도구를 만드는 체험', '2.5시간', 38000, 15, '/images/experiences/jeonju-hanji.jpg', 1, '2024-01-10 00:00:00', 54000, 30, 9.9),
(8, '담양 죽공예 체험', 13, 17, 'craft_workshop', '대나무로 찻잔받침과 다도구 만들기', '3시간', 42000, 12, '/images/experiences/damyang-bamboo.jpg', 1, '2024-01-10 00:00:00', 60000, 30, 9.9),
(9, '보성 녹차 쿠킹 클래스', 5, 1, 'tea_tasting', '녹차를 활용한 요리 만들기', '3시간', 48000, 16, '/images/experiences/boseong-cooking.jpg', 1, '2024-01-10 00:00:00', 69000, 30, 9.9),
(10, '제주 말차 베이킹 클래스', 1, 3, 'tea_tasting', '제주 말차로 만드는 디저트', '2.5시간', 42000, 14, '/images/experiences/jeju-baking.jpg', 1, '2024-01-10 00:00:00', 60000, 30, 9.9),
(11, '하동 야생차 탐방 투어', 2, 2, 'farm_tour', '지리산 야생 차나무 숲 탐방', '4시간', 55000, 20, '/images/experiences/hadong-wild-tea.jpg', 1, '2024-01-10 00:00:00', 79000, 30, 9.9),
(12, '광양 매화마을 차 체험', 4, 4, 'farm_tour', '매화와 차밭을 함께 감상하는 봄 체험', '3시간', 40000, 25, '/images/experiences/gwangyang-plum.jpg', 1, '2024-01-10 00:00:00', 57000, 30, 9.9),
(13, '장흥 청태전 제조 체험', 6, 6, 'tea_ceremony', '전통 발효차 청태전 만들기', '4시간', 58000, 10, '/images/experiences/jangheung-cheongta.jpg', 1, '2024-01-10 00:00:00', 83000, 30, 9.9),
(14, '순천만 차 명상 프로그램', 8, 8, 'tea_ceremony', '순천만을 바라보며 즐기는 차 명상', '2시간', 32000, 18, '/images/experiences/suncheon-meditation.jpg', 1, '2024-01-10 00:00:00', 46000, 30, 9.9),
(15, '남원 목공예 찻상 만들기', 14, 18, 'craft_workshop', '천연 원목으로 찻상 제작', '5시간', 95000, 6, '/images/experiences/namwon-woodwork.jpg', 1, '2024-01-10 00:00:00', 136000, 30, 9.9),
(16, '영주 인삼차 체험', 15, 15, 'tea_tasting', '6년근 인삼으로 차 만들기', '2.5시간', 48000, 15, '/images/experiences/yeongju-ginseng.jpg', 1, '2024-01-10 00:00:00', 69000, 30, 9.9),
(17, '안동 전통 한지 찻상 만들기', 16, 19, 'craft_workshop', '전통 한지 공예 기법으로 접이식 찻상과 찻잔받침 만들기', '2.5시간', 42000, 12, '/images/experiences/andong-hanji-craft.jpg', 1, '2024-01-10 00:00:00', 60000, 30, 9.9),
(18, '평창 고랭지 농장 투어와 차 시음', 17, 20, 'farm_tour', '해발 700m 청정 고랭지 농장 견학과 신선한 농산물 및 차 시음', '3시간', 38000, 30, '/images/experiences/pyeongchang-highland-tour.jpg', 1, '2024-01-10 00:00:00', 54000, 30, 9.9),
(19, '이천 백자 향로 제작', 9, 13, 'craft_workshop', '전통 백자 향로를 직접 만들어보는 심화 체험', '4시간', 72000, 8, '/images/experiences/icheon-incense.jpg', 1, '2024-01-10 00:00:00', 103000, 30, 9.9),
(20, '김해 대동차 역사 탐방', 3, 5, 'workshop_visit', '100년 역사의 차 농가 방문과 차 제조 과정 견학', '3시간', 35000, 20, '/images/experiences/gimhae-history.jpg', 1, '2024-01-10 00:00:00', 50000, 30, 9.9);

-- ================================================================
-- 9. EDUCATION_CATEGORIES (6개 - 확장: 4 → 6)
-- ================================================================
INSERT OR IGNORE INTO education_categories (id, name, parent_id, description, display_order, icon, created_at) VALUES
(1, '차 문화 입문', NULL, '차 문화를 처음 접하는 분들을 위한 기초 과정', 1, 'book-open', '2024-01-01 00:00:00'),
(2, '전문 다인 과정', NULL, '전문 다인을 양성하는 심화 과정', 2, 'graduation-cap', '2024-01-01 00:00:00'),
(3, '차 소믈리에', NULL, '차의 품질을 평가하고 감별하는 전문가 과정', 3, 'award', '2024-01-01 00:00:00'),
(4, '다도 명상', NULL, '차와 함께하는 명상과 힐링', 4, 'heart', '2024-01-01 00:00:00'),
(5, '차 문화 특강', NULL, '차 문화 관련 특별 강연', 5, 'megaphone', '2024-01-01 00:00:00'),
(6, '차 비즈니스', NULL, '차 산업과 창업 관련 교육', 6, 'briefcase', '2024-01-01 00:00:00');

-- ================================================================
-- 10. EDUCATION_CURRICULUM (30개 - 완료)
-- ================================================================
-- 이미 30개가 존재하므로 그대로 유지

-- ================================================================
-- 11. EVENTS (27개 - 완료)
-- ================================================================
-- 이미 27개가 존재하므로 그대로 유지

-- 완료 처리
PRAGMA foreign_keys = ON;

SELECT '=== 완전한 마스터 데이터베이스 복구 완료 ===' AS status;
SELECT '지역: 17개' AS info;
SELECT '카테고리: 27개' AS info;
SELECT '생산자: 20개 (차 12, 공예 8)' AS info;
SELECT '제품: 120개 (차 30, 공예 30, 선물 20, 지역특산 40)' AS info;
SELECT '체험: 20개' AS info;
SELECT '교육 카테고리: 6개' AS info;
SELECT '교육 커리큘럼: 30개 (기존 유지)' AS info;
SELECT '이벤트: 27개 (기존 유지)' AS info;
