PRAGMA foreign_keys = OFF;

DELETE FROM education_curriculum;
DELETE FROM education_categories;
DELETE FROM experiences;
DELETE FROM products;
DELETE FROM events;
DELETE FROM producers;
DELETE FROM categories;
DELETE FROM regions;

INSERT INTO regions (id, name, type, description, featured_image, created_at) VALUES 
(1, '제주도', 'tea', '제주의 청정 자연에서 자란 녹차', '/images/regions/jeju.jpg', '2026-02-18 12:18:03'),
(2, '하동', 'tea', '지리산 자락의 전통 차밭', '/images/regions/hadong.jpg', '2026-02-18 12:18:03'),
(3, '김해', 'tea', '한국 차문화의 발상지', '/images/regions/gimhae.jpg', '2026-02-18 12:18:03'),
(4, '광양', 'tea', '백운산 자락의 청정 차밭', '/images/regions/gwangyang.jpg', '2026-02-18 12:18:03'),
(5, '보성', 'tea', '대한민국 녹차의 수도', '/images/regions/boseong.jpg', '2026-02-18 12:18:03'),
(6, '이천', 'craft', '전통 도자기의 본고장', '/images/regions/icheon.jpg', '2026-02-18 12:18:03'),
(7, '광주', 'craft', '조선백자의 중심지', '/images/regions/gwangju.jpg', '2026-02-18 12:18:03'),
(8, '담양', 'craft', '대나무 공예의 메카', '/images/regions/damyang.jpg', '2026-02-18 12:18:03'),
(9, '안동', 'craft', '한국 정신문화의 수도', '/images/regions/andong.jpg', '2026-02-18 12:18:03'),
(10, '전주', 'craft', '한지와 전통공예', '/images/regions/jeonju.jpg', '2026-02-18 12:18:03'),
(11, '강진', 'craft', '고려청자의 고향', '/images/regions/gangjin.jpg', '2026-02-18 12:18:03'),
(12, '남원', 'craft', '전통 목공예의 중심', '/images/regions/namwon.jpg', '2026-02-18 12:18:03'),
(13, '공주', 'craft', '백제 문화의 보고', '/images/regions/gongju.jpg', '2026-02-18 12:18:03'),
(14, '경주', 'craft', '신라 천년의 공예', '/images/regions/gyeongju.jpg', '2026-02-18 12:18:03'),
(15, '울산', 'craft', '동해안 특산품', '/images/regions/ulsan.jpg', '2026-02-18 12:18:03'),
(16, '부산', 'craft', '해양 도시 특산품', '/images/regions/busan.jpg', '2026-02-18 12:18:03'),
(17, '서울', 'craft', '수도권 특산품', '/images/regions/seoul.jpg', '2026-02-18 12:18:03');

INSERT INTO categories (id, name, type, description, display_order, created_at) VALUES 
(1, '녹차', 'tea', '한국 전통 녹차', 1, '2026-02-18 12:18:13'),
(2, '황차', 'tea', '특별한 황차', 4, '2026-02-18 12:18:13'),
(3, '홍차', 'tea', '완전 발효 홍차', 5, '2026-02-18 12:18:13'),
(4, '발효차', 'tea', '전통 발효차', 6, '2026-02-18 12:18:13'),
(6, '블렌딩차', 'tea', '다양한 블렌딩 차', 7, '2026-02-18 12:18:13'),
(8, '찻잔', 'craft', '다양한 찻잔', 2, '2026-02-18 12:18:13'),
(9, '다관', 'craft', '전통 다관', 1, '2026-02-18 12:18:13'),
(11, '장식품', 'craft', '인테리어 장식품', 9, '2026-02-18 12:18:13'),
(12, '명절 선물세트', 'gift', '명절 특별 선물', 1, '2026-02-18 12:18:13'),
(13, '기념일 선물세트', 'gift', '기념일용 선물', 2, '2026-02-18 12:18:13'),
(14, '기업 선물세트', 'gift', '기업용 선물', 3, '2026-02-18 12:18:13'),
(15, '맞춤 선물세트', 'gift', '맞춤형 선물', 4, '2026-02-18 12:18:13'),
(17, '농산물', 'local', '지역 농산물', 1, '2026-02-18 12:18:13'),
(18, '가공식품', 'local', '지역 가공식품', 5, '2026-02-18 12:18:13'),
(19, '수산물', 'local', '지역 수산물', 2, '2026-02-18 12:18:13'),
(20, '축산물', 'local', '지역 축산물', 3, '2026-02-18 12:18:13'),
(21, '공예품', 'local', '지역 공예품', 4, '2026-02-18 12:18:13'),
(22, '전통주', 'local', '전통주/음료', 6, '2026-02-18 12:18:13'),
(23, '건강식품', 'local', '건강 식품', 7, '2026-02-18 12:18:13'),
(24, '조미료', 'local', '천연 조미료', 8, '2026-02-18 12:18:13'),
(25, '간편식', 'local', '간편 먹거리', 9, '2026-02-18 12:18:13'),
(26, '디저트', 'local', '전통 디저트', 10, '2026-02-18 12:18:13'),
(27, '생활용품', 'local', '친환경 생활용품', 11, '2026-02-18 12:18:13'),
(28, '화장품', 'local', '천연 화장품', 12, '2026-02-18 12:18:13'),
(29, '의류/잡화', 'local', '전통 의류/잡화', 13, '2026-02-18 12:18:13'),
(30, '인테리어', 'local', '인테리어 소품', 14, '2026-02-18 12:18:13'),
(31, '문화상품', 'local', '문화/예술 상품', 15, '2026-02-18 12:18:13');

INSERT INTO producers (id, name, region_id, producer_type, description, contact_phone, created_at) VALUES 
(1, '박수공', 1, 'tea', '제주 한라산 유기농 차 농원', '064-123-4567', '2026-02-18 12:18:13'),
(2, '제주 한라산 차농원', 1, 'tea', '3대째 이어온 전통 차 농원', '064-456-7890', '2026-02-18 12:18:13');

INSERT INTO products (id, name, category_id, producer_id, description, consumer_price, direct_price, shipping_fee, stock_quantity, main_image, product_type, weight, origin, is_featured, is_available, view_count, created_at) VALUES 
(1, '제주 한라산 유기농 녹차', 1, 1, '청정 제주에서 자란 프리미엄 유기농 녹차', 35000.00, 28000.00, 3000.00, 100, '/images/products/tea1.jpg', 'tea', 100.00, '제주도', 1, 1, 150, '2026-02-18 12:18:13'),
(2, '하동 전통 발효차', 4, 2, '지리산 자락의 전통 방식 발효차', 45000.00, 36000.00, 3000.00, 50, '/images/products/tea2.jpg', 'tea', 100.00, '경남 하동', 1, 1, 120, '2026-02-18 12:18:13'),
(3, '보성 청태전', 4, 1, '보성의 전통 떡차', 38000.00, 30400.00, 3000.00, 80, '/images/products/tea3.jpg', 'tea', 150.00, '전남 보성', 1, 1, 200, '2026-02-18 12:18:13'),
(4, '김해 황차', 2, 2, '김해의 특별한 황차', 42000.00, 33600.00, 3000.00, 60, '/images/products/tea4.jpg', 'tea', 100.00, '경남 김해', 0, 1, 80, '2026-02-18 12:18:13'),
(5, '광양 매화차', 6, 1, '광양 백운산 매화로 만든 블렌딩차', 32000.00, 25600.00, 3000.00, 90, '/images/products/tea5.jpg', 'tea', 80.00, '전남 광양', 1, 1, 180, '2026-02-18 12:18:13'),
(6, '이천 도자기 찻잔 세트', 8, 1, '이천 전통 도자기 장인의 수제 찻잔', 85000.00, 68000.00, 3000.00, 30, '/images/products/craft1.jpg', 'craft', 800.00, '경기 이천', 1, 1, 95, '2026-02-18 12:18:13'),
(7, '광주 분청사기 다관', 9, 2, '조선시대 기법으로 만든 분청 다관', 150000.00, 120000.00, 3000.00, 15, '/images/products/craft2.jpg', 'craft', 1200.00, '경기 광주', 1, 1, 70, '2026-02-18 12:18:13'),
(8, '담양 대나무 찻상', 11, 1, '담양 대나무로 만든 전통 찻상', 95000.00, 76000.00, 5000.00, 25, '/images/products/craft3.jpg', 'craft', 2500.00, '전남 담양', 0, 1, 60, '2026-02-18 12:18:13'),
(9, '안동 한지 찻잔 받침', 11, 2, '안동 전통 한지 공예품', 28000.00, 22400.00, 2500.00, 50, '/images/products/craft4.jpg', 'craft', 100.00, '경북 안동', 0, 1, 45, '2026-02-18 12:18:13'),
(10, '전주 나전칠기 다기', 9, 1, '전주 전통 나전칠기 기법의 다기', 280000.00, 224000.00, 3000.00, 10, '/images/products/craft5.jpg', 'craft', 1500.00, '전북 전주', 1, 1, 85, '2026-02-18 12:18:13'),
(11, '강진 청자 찻잔', 8, 2, '고려청자의 전통을 이은 현대 청자', 120000.00, 96000.00, 3000.00, 20, '/images/products/craft6.jpg', 'craft', 600.00, '전남 강진', 1, 1, 110, '2026-02-18 12:18:13'),
(12, '남원 목기 찻잔받침', 11, 1, '남원 전통 목공예 찻잔받침', 35000.00, 28000.00, 2500.00, 40, '/images/products/craft7.jpg', 'craft', 300.00, '전북 남원', 0, 1, 55, '2026-02-18 12:18:13'),
(13, '제주 한라봉차', 6, 1, '제주 한라봉으로 만든 블렌딩차', 28000.00, 22400.00, 3000.00, 100, '/images/products/tea6.jpg', 'tea', 80.00, '제주도', 1, 1, 140, '2026-02-18 12:18:13'),
(14, '하동 야생차', 1, 2, '지리산 야생차나무에서 채취한 차', 65000.00, 52000.00, 3000.00, 30, '/images/products/tea7.jpg', 'tea', 100.00, '경남 하동', 1, 1, 90, '2026-02-18 12:18:13'),
(15, '명절 프리미엄 세트', 12, 1, '차와 다기가 함께하는 명절 선물', 150000.00, 120000.00, 0.00, 50, '/images/products/gift1.jpg', 'gift', 2000.00, '전국', 1, 1, 200, '2026-02-18 12:18:13'),
(16, '기념일 차 선물세트', 13, 2, '특별한 날을 위한 프리미엄 차 세트', 95000.00, 76000.00, 0.00, 60, '/images/products/gift2.jpg', 'gift', 1200.00, '전국', 1, 1, 175, '2026-02-18 12:18:13'),
(17, '기업 선물용 다기세트', 14, 1, '품격있는 기업 선물용 세트', 180000.00, 144000.00, 0.00, 40, '/images/products/gift3.jpg', 'gift', 2500.00, '전국', 1, 1, 130, '2026-02-18 12:18:13'),
(18, '맞춤 선물 구성', 15, 2, '원하는 대로 구성하는 선물세트', 120000.00, 96000.00, 0.00, 70, '/images/products/gift4.jpg', 'gift', 1500.00, '전국', 0, 1, 95, '2026-02-18 12:18:13'),
(19, '울산 미역', 19, 1, '동해안 청정 해역 미역', 25000.00, 20000.00, 3000.00, 80, '/images/products/local1.jpg', 'local', 300.00, '울산', 0, 1, 85, '2026-02-18 12:18:13'),
(20, '부산 멸치', 19, 2, '부산 앞바다 특산 멸치', 32000.00, 25600.00, 3000.00, 90, '/images/products/local2.jpg', 'local', 500.00, '부산', 1, 1, 110, '2026-02-18 12:18:13'),
(21, '제주 흑돼지 육포', 20, 1, '제주 흑돼지로 만든 프리미엄 육포', 28000.00, 22400.00, 3000.00, 70, '/images/products/local3.jpg', 'local', 200.00, '제주도', 1, 1, 95, '2026-02-18 12:18:13'),
(22, '보성 녹차 쌀', 17, 2, '녹차를 먹여 키운 특별한 쌀', 35000.00, 28000.00, 3000.00, 100, '/images/products/local4.jpg', 'local', 5000.00, '전남 보성', 0, 1, 75, '2026-02-18 12:18:13'),
(23, '하동 야생화 꿀', 23, 1, '지리산 야생화 꿀', 42000.00, 33600.00, 3000.00, 50, '/images/products/local5.jpg', 'local', 600.00, '경남 하동', 1, 1, 120, '2026-02-18 12:18:13'),
(24, '안동 간고등어', 19, 2, '안동 전통 간고등어', 38000.00, 30400.00, 3000.00, 60, '/images/products/local6.jpg', 'local', 800.00, '경북 안동', 0, 1, 65, '2026-02-18 12:18:13'),
(25, '전주 한과', 26, 1, '전통 방식으로 만든 전주 한과', 32000.00, 25600.00, 2500.00, 80, '/images/products/local7.jpg', 'local', 400.00, '전북 전주', 1, 1, 140, '2026-02-18 12:18:13'),
(26, '강릉 커피', 18, 2, '강릉 로스터리 원두', 22000.00, 17600.00, 3000.00, 90, '/images/products/local8.jpg', 'local', 200.00, '강원 강릉', 0, 1, 105, '2026-02-18 12:18:13'),
(27, '경주 빵', 26, 1, '경주 특산 빵', 18000.00, 14400.00, 3000.00, 100, '/images/products/local9.jpg', 'local', 500.00, '경북 경주', 0, 1, 88, '2026-02-18 12:18:13'),
(28, '남원 추어탕', 18, 2, '남원 전통 추어탕', 15000.00, 12000.00, 3500.00, 70, '/images/products/local10.jpg', 'local', 1000.00, '전북 남원', 0, 1, 72, '2026-02-18 12:18:13'),
(29, '제주 감귤', 17, 1, '제주 청정 감귤', 28000.00, 22400.00, 3500.00, 150, '/images/products/local11.jpg', 'local', 3000.00, '제주도', 1, 1, 180, '2026-02-18 12:18:13'),
(30, '서울 전통주', 22, 2, '서울 전통 막걸리', 18000.00, 14400.00, 3000.00, 80, '/images/products/local12.jpg', 'local', 750.00, '서울', 0, 1, 92, '2026-02-18 12:18:13'),
(31, '이천 쌀', 17, 1, '임금님표 이천쌀', 45000.00, 36000.00, 3500.00, 100, '/images/products/local13.jpg', 'local', 10000.00, '경기 이천', 1, 1, 160, '2026-02-18 12:18:13'),
(32, '담양 죽순', 17, 2, '담양 대나무 죽순', 32000.00, 25600.00, 3000.00, 60, '/images/products/local14.jpg', 'local', 1000.00, '전남 담양', 0, 1, 78, '2026-02-18 12:18:13'),
(33, '공주 밤', 17, 1, '공주 알밤', 28000.00, 22400.00, 3000.00, 90, '/images/products/local15.jpg', 'local', 2000.00, '충남 공주', 0, 1, 85, '2026-02-18 12:18:13'),
(34, '보령 굴비', 19, 2, '보령 명품 굴비', 55000.00, 44000.00, 3500.00, 50, '/images/products/local16.jpg', 'local', 1200.00, '충남 보령', 1, 1, 125, '2026-02-18 12:18:13'),
(35, '영광 모시', 29, 1, '영광 모시 의류', 85000.00, 68000.00, 3000.00, 40, '/images/products/local17.jpg', 'local', 500.00, '전남 영광', 0, 1, 68, '2026-02-18 12:18:13'),
(36, '나주 배', 17, 2, '나주 신고배', 38000.00, 30400.00, 3500.00, 80, '/images/products/local18.jpg', 'local', 5000.00, '전남 나주', 1, 1, 145, '2026-02-18 12:18:13'),
(37, '영양 고추', 24, 1, '영양 청정 고추', 42000.00, 33600.00, 3000.00, 70, '/images/products/local19.jpg', 'local', 500.00, '경북 영양', 0, 1, 95, '2026-02-18 12:18:13'),
(38, '의성 마늘', 24, 2, '의성 육쪽마늘', 35000.00, 28000.00, 3000.00, 90, '/images/products/local20.jpg', 'local', 1000.00, '경북 의성', 1, 1, 132, '2026-02-18 12:18:13'),
(39, '청송 사과', 17, 1, '청송 주왕산 사과', 45000.00, 36000.00, 3500.00, 100, '/images/products/local21.jpg', 'local', 5000.00, '경북 청송', 1, 1, 170, '2026-02-18 12:18:13'),
(40, '영덕 대게', 19, 2, '영덕 특산 대게', 95000.00, 76000.00, 5000.00, 30, '/images/products/local22.jpg', 'local', 1500.00, '경북 영덕', 1, 1, 155, '2026-02-18 12:18:13'),
(41, '울릉도 오징어', 19, 1, '울릉도 건오징어', 48000.00, 38400.00, 3500.00, 50, '/images/products/local23.jpg', 'local', 500.00, '경북 울릉', 0, 1, 88, '2026-02-18 12:18:13'),
(42, '삼척 건어물', 19, 2, '삼척 특산 건어물', 32000.00, 25600.00, 3000.00, 60, '/images/products/local24.jpg', 'local', 800.00, '강원 삼척', 0, 1, 75, '2026-02-18 12:18:13'),
(43, '속초 오징어순대', 18, 1, '속초 명물 오징어순대', 25000.00, 20000.00, 3500.00, 70, '/images/products/local25.jpg', 'local', 600.00, '강원 속초', 0, 1, 98, '2026-02-18 12:18:13'),
(44, '횡성 한우', 20, 2, '횡성 1++등급 한우', 120000.00, 96000.00, 5000.00, 40, '/images/products/local26.jpg', 'local', 2000.00, '강원 횡성', 1, 1, 185, '2026-02-18 12:18:13'),
(45, '평창 송이버섯', 17, 1, '평창 자연산 송이', 150000.00, 120000.00, 5000.00, 20, '/images/products/local27.jpg', 'local', 500.00, '강원 평창', 1, 1, 210, '2026-02-18 12:18:13'),
(46, '정선 곤드레', 17, 2, '정선 산나물 곤드레', 28000.00, 22400.00, 3000.00, 80, '/images/products/local28.jpg', 'local', 300.00, '강원 정선', 0, 1, 82, '2026-02-18 12:18:13'),
(47, '양구 시래기', 17, 1, '양구 청정 시래기', 22000.00, 17600.00, 3000.00, 90, '/images/products/local29.jpg', 'local', 500.00, '강원 양구', 0, 1, 76, '2026-02-18 12:18:13'),
(48, '인제 산나물', 17, 2, '인제 자연산 산나물', 35000.00, 28000.00, 3000.00, 70, '/images/products/local30.jpg', 'local', 400.00, '강원 인제', 0, 1, 88, '2026-02-18 12:18:13'),
(49, '화천 토마토', 17, 1, '화천 방울토마토', 28000.00, 22400.00, 3500.00, 100, '/images/products/local31.jpg', 'local', 2000.00, '강원 화천', 0, 1, 95, '2026-02-18 12:18:13'),
(50, '철원 오대쌀', 17, 2, '철원 DMZ 오대쌀', 42000.00, 33600.00, 3500.00, 80, '/images/products/local32.jpg', 'local', 10000.00, '강원 철원', 1, 1, 165, '2026-02-18 12:18:13');

INSERT INTO events (id, title, category, description, location, start_date, end_date, max_participants, current_participants, price, image_url, is_featured, status, created_at) VALUES 
(1, '제주 차밭 투어', 'tea', '제주 한라산 차밭 견학과 차 만들기 체험', '제주도', '2026-03-15', '2026-03-15', 30, 12, 45000, '/images/events/event1.jpg', 1, 'open', '2026-02-18 12:18:13'),
(2, '하동 야생차 체험', 'tea', '지리산 야생차 채취 체험', '경남 하동', '2026-03-20', '2026-03-20', 20, 8, 55000, '/images/events/event2.jpg', 1, 'open', '2026-02-18 12:18:13'),
(3, '보성 녹차밭 축제', 'tea', '보성 녹차밭 축제 및 차 시음회', '전남 보성', '2026-04-05', '2026-04-07', 100, 45, 35000, '/images/events/event3.jpg', 1, 'open', '2026-02-18 12:18:13'),
(4, '이천 도자기 만들기', 'craft', '이천 도자기 공방 체험', '경기 이천', '2026-03-22', '2026-03-22', 15, 10, 75000, '/images/events/event4.jpg', 1, 'open', '2026-02-18 12:18:13'),
(5, '광주 분청사기 체험', 'craft', '전통 분청사기 제작 체험', '경기 광주', '2026-03-25', '2026-03-25', 12, 6, 85000, '/images/events/event5.jpg', 0, 'open', '2026-02-18 12:18:13'),
(6, '담양 대나무 공예', 'craft', '담양 대나무 공예 만들기', '전남 담양', '2026-04-01', '2026-04-01', 20, 15, 45000, '/images/events/event6.jpg', 1, 'open', '2026-02-18 12:18:13'),
(7, '안동 한지 공예', 'craft', '안동 전통 한지 공예 체험', '경북 안동', '2026-04-08', '2026-04-08', 18, 9, 38000, '/images/events/event7.jpg', 0, 'open', '2026-02-18 12:18:13'),
(8, '전주 나전칠기 체험', 'craft', '전주 전통 나전칠기 만들기', '전북 전주', '2026-04-12', '2026-04-12', 10, 7, 95000, '/images/events/event8.jpg', 1, 'open', '2026-02-18 12:18:13'),
(9, '강진 청자 체험', 'craft', '고려청자 도자기 만들기', '전남 강진', '2026-04-15', '2026-04-15', 15, 5, 68000, '/images/events/event9.jpg', 0, 'open', '2026-02-18 12:18:13'),
(10, '남원 목공예 체험', 'craft', '전통 목공예 만들기', '전북 남원', '2026-04-18', '2026-04-18', 12, 8, 52000, '/images/events/event10.jpg', 0, 'open', '2026-02-18 12:18:13'),
(11, '봄 차 명상 힐링', 'meditation', '봄 차 명상과 힐링 프로그램', '제주도', '2026-03-28', '2026-03-29', 25, 18, 120000, '/images/events/event11.jpg', 1, 'open', '2026-02-18 12:18:13'),
(12, '다도 입문 교실', 'education', '전통 다도 기초 교육', '서울', '2026-04-02', '2026-04-02', 15, 12, 50000, '/images/events/event12.jpg', 1, 'open', '2026-02-18 12:18:13'),
(13, '차와 음식 페어링', 'tea', '차와 음식의 조화 체험', '서울', '2026-04-10', '2026-04-10', 20, 14, 65000, '/images/events/event13.jpg', 0, 'open', '2026-02-18 12:18:13'),
(14, '여름 차밭 캠핑', 'tea', '보성 차밭에서의 1박 2일 캠핑', '전남 보성', '2026-06-15', '2026-06-16', 30, 8, 95000, '/images/events/event14.jpg', 1, 'open', '2026-02-18 12:18:13'),
(15, '제주 차 만들기 워크샵', 'tea', '차 제조 과정 전체 체험', '제주도', '2026-05-08', '2026-05-09', 15, 6, 150000, '/images/events/event15.jpg', 1, 'open', '2026-02-18 12:18:13'),
(16, '전통 공예 박람회', 'craft', '전국 전통 공예 작가 작품전', '서울', '2026-05-20', '2026-05-25', 500, 120, 15000, '/images/events/event16.jpg', 1, 'open', '2026-02-18 12:18:13'),
(17, '차 소믈리에 입문', 'education', '차 소믈리에 기초 과정', '서울', '2026-05-15', '2026-05-16', 20, 16, 180000, '/images/events/event17.jpg', 1, 'open', '2026-02-18 12:18:13'),
(18, '가을 차 축제', 'tea', '전국 차 생산지 연합 축제', '전남 보성', '2026-09-15', '2026-09-17', 200, 85, 25000, '/images/events/event18.jpg', 1, 'open', '2026-02-18 12:18:13'),
(19, '명상과 차 명상', 'meditation', '마음챙김 명상과 차 명상', '경기 양평', '2026-07-20', '2026-07-21', 18, 12, 110000, '/images/events/event19.jpg', 0, 'open', '2026-02-18 12:18:13'),
(20, '도자기 고급 과정', 'craft', '도자기 제작 심화 과정', '경기 이천', '2026-06-10', '2026-06-11', 10, 8, 220000, '/images/events/event20.jpg', 0, 'open', '2026-02-18 12:18:13'),
(21, '겨울 차 명상 힐링', 'meditation', '겨울 차 명상 1박 2일', '강원 평창', '2026-12-15', '2026-12-16', 20, 5, 135000, '/images/events/event21.jpg', 1, 'open', '2026-02-18 12:18:13'),
(22, '설 명절 선물 특별전', 'gift', '설 명절 차 선물 특별전', '서울', '2027-01-20', '2027-01-28', 300, 95, 0, '/images/events/event22.jpg', 1, 'open', '2026-02-18 12:18:13'),
(23, '추석 선물 특별전', 'gift', '추석 명절 차 선물 특별전', '서울', '2026-08-25', '2026-09-05', 300, 145, 0, '/images/events/event23.jpg', 1, 'open', '2026-02-18 12:18:13'),
(24, '어린이 다도 교실', 'education', '어린이를 위한 다도 체험', '서울', '2026-07-28', '2026-07-30', 25, 20, 45000, '/images/events/event24.jpg', 0, 'open', '2026-02-18 12:18:13'),
(25, '기업 임직원 힐링 프로그램', 'meditation', '기업 임직원 차 명상 힐링', '경기 가평', '2026-08-14', '2026-08-15', 40, 30, 95000, '/images/events/event25.jpg', 0, 'open', '2026-02-18 12:18:13'),
(26, '전통 차 제조 비법', 'tea', '전통 차 제조 장인의 비법 전수', '경남 하동', '2026-10-10', '2026-10-12', 12, 10, 280000, '/images/events/event26.jpg', 1, 'open', '2026-02-18 12:18:13'),
(27, '연말 감사 고객 행사', 'gift', '연말 고객 감사 특별 행사', '서울', '2026-12-20', '2026-12-22', 100, 68, 0, '/images/events/event27.jpg', 0, 'open', '2026-02-18 12:18:13');

INSERT INTO experiences (id, title, category, description, location, duration, price, max_participants, difficulty, image_url, is_featured, status, included_items, created_at) VALUES 
(1, '제주 차밭 트레킹', 'tea', '제주 한라산 차밭 트레킹과 차 시음', '제주도', '3시간', 45000, 20, 'easy', '/images/exp/exp1.jpg', 1, 'available', '가이드, 차 시음, 다과', '2026-02-18 12:18:13'),
(2, '하동 차 만들기 체험', 'tea', '전통 방식으로 차 만들기', '경남 하동', '4시간', 65000, 15, 'medium', '/images/exp/exp2.jpg', 1, 'available', '재료비, 가이드, 완성품 포장', '2026-02-18 12:18:13'),
(3, '이천 도자기 원데이 클래스', 'craft', '물레를 이용한 도자기 만들기', '경기 이천', '5시간', 95000, 10, 'medium', '/images/exp/exp3.jpg', 1, 'available', '재료비, 가이드, 완성품 배송', '2026-02-18 12:18:13'),
(4, '담양 죽제품 만들기', 'craft', '대나무를 이용한 생활용품 제작', '전남 담양', '3시간', 48000, 12, 'easy', '/images/exp/exp4.jpg', 0, 'available', '재료비, 가이드, 완성품', '2026-02-18 12:18:13'),
(5, '전주 한지 공예 체험', 'craft', '전통 한지를 이용한 공예품 만들기', '전북 전주', '3시간', 42000, 15, 'easy', '/images/exp/exp5.jpg', 0, 'available', '재료비, 가이드, 완성품', '2026-02-18 12:18:13'),
(6, '차 명상 힐링 프로그램', 'meditation', '차를 마시며 하는 명상 프로그램', '제주도', '2시간', 55000, 12, 'easy', '/images/exp/exp6.jpg', 1, 'available', '가이드, 차, 다과', '2026-02-18 12:18:13'),
(7, '다도 예절 교육', 'education', '전통 다도 예절 배우기', '서울', '2시간', 40000, 15, 'easy', '/images/exp/exp7.jpg', 1, 'available', '가이드, 교재, 차', '2026-02-18 12:18:13'),
(8, '차와 음식 페어링 클래스', 'tea', '차와 어울리는 음식 조합 배우기', '서울', '3시간', 75000, 12, 'medium', '/images/exp/exp8.jpg', 0, 'available', '가이드, 차, 음식 재료', '2026-02-18 12:18:13'),
(9, '청자 도자기 체험', 'craft', '고려청자 만들기', '전남 강진', '4시간', 72000, 10, 'medium', '/images/exp/exp9.jpg', 1, 'available', '재료비, 가이드, 완성품 배송', '2026-02-18 12:18:13'),
(10, '나전칠기 체험', 'craft', '전통 나전칠기 소품 만들기', '전북 전주', '6시간', 120000, 8, 'hard', '/images/exp/exp10.jpg', 0, 'available', '재료비, 가이드, 완성품', '2026-02-18 12:18:13'),
(11, '차밭 요가 명상', 'meditation', '차밭에서 하는 요가와 명상', '전남 보성', '2시간', 48000, 15, 'easy', '/images/exp/exp11.jpg', 1, 'available', '가이드, 요가매트, 차', '2026-02-18 12:18:13'),
(12, '차 소믈리에 체험', 'education', '다양한 차 감별 및 시음', '서울', '3시간', 85000, 10, 'medium', '/images/exp/exp12.jpg', 0, 'available', '가이드, 교재, 차 샘플', '2026-02-18 12:18:13');

INSERT INTO education_categories (id, parent_id, name, description, display_order, icon, created_at) VALUES 
(1, NULL, '다도교육', '차문화와 명상을 통한 마음의 평안', 1, 'fa-spa', '2026-02-18 12:18:04'),
(2, 1, '차공부', '차의 역사와 문화, 종류와 우리는 방법을 배웁니다', 1, 'fa-mug-hot', '2026-02-18 12:18:04'),
(3, 1, '공예공부', '한국 전통 공예의 역사와 제작 기법을 배웁니다', 2, 'fa-palette', '2026-02-18 12:18:04'),
(4, 1, '다도교육', '다도의 의미와 역사, 명상과 인성교육을 배웁니다', 3, 'fa-spa', '2026-02-18 12:18:06'),
(5, 1, '명상교육', '명상의 역사와 종류, 실천 방법을 배우고 마음의 평안을 찾습니다', 4, 'fa-om', '2026-02-18 13:59:11');

INSERT INTO education_curriculum (id, category_id, title, description, content, duration, difficulty, display_order, thumbnail_image, created_at) VALUES 
(1, 2, '차의 역사', '차의 기원부터 현대까지의 역사를 배웁니다', '차의 발견과 전파, 한국 차문화의 발전 과정을 학습합니다', '90분', 'beginner', 1, '/images/curriculum/tea_history.jpg', '2026-02-18 12:18:04'),
(2, 2, '한국차의 역사', '한국 전통차의 역사와 문화적 배경', '삼국시대부터 조선시대까지 한국 차문화의 발전사', '120분', 'intermediate', 2, '/images/curriculum/korean_tea_history.jpg', '2026-02-18 12:18:04'),
(3, 2, '6대 차류', '차의 6가지 분류와 각각의 특징', '녹차, 백차, 황차, 청차, 홍차, 흑차의 분류와 특성', '150분', 'intermediate', 3, '/images/curriculum/six_types.jpg', '2026-02-18 12:18:04'),
(4, 2, '한국차의 종류', '한국 전통차의 다양한 종류', '녹차, 발효차, 가향차 등 한국 차의 분류와 특징', '120분', 'intermediate', 4, '/images/curriculum/korean_tea_types.jpg', '2026-02-18 12:18:04'),
(5, 2, '차의 이로운 점', '차의 건강상 이점과 효능', '차의 성분과 건강 효능, 올바른 섭취 방법', '90분', 'beginner', 5, '/images/curriculum/tea_benefits.jpg', '2026-02-18 12:18:04'),
(6, 2, '6대 차류 우리는 방법', '차 종류별 올바른 우리는 방법', '각 차류별 최적의 온도, 시간, 물의 양', '180분', 'advanced', 6, '/images/curriculum/brewing_methods.jpg', '2026-02-18 12:18:04'),
(7, 3, '공예의 역사', '한국 전통 공예의 역사', '삼국시대부터 현대까지 한국 공예의 발전사', '90분', 'beginner', 1, '/images/curriculum/craft_history.jpg', '2026-02-18 12:18:04'),
(8, 3, '한국공예의 시대별 변천사', '시대별 한국 공예의 특징과 변화', '시대별 공예 기법과 양식의 변천', '150분', 'intermediate', 2, '/images/curriculum/craft_evolution.jpg', '2026-02-18 12:18:04'),
(9, 3, '도자기의 제작 기법', '전통 도자기 제작 기법', '물레 성형, 유약, 소성 등 도자기 제작 과정', '180분', 'advanced', 3, '/images/curriculum/pottery_technique.jpg', '2026-02-18 12:18:04'),
(10, 3, '도자기의 활용법', '도자기의 다양한 활용', '다기, 생활용기, 장식품 등 도자기 활용', '90분', 'beginner', 4, '/images/curriculum/pottery_usage.jpg', '2026-02-18 12:18:04'),
(11, 3, '도자기의 이로운 점', '도자기 사용의 장점', '건강상 이점과 친환경적 가치', '90분', 'beginner', 5, '/images/curriculum/pottery_benefits.jpg', '2026-02-18 12:18:04'),
(12, 3, '서예의 역사와 발전', '한국 서예의 역사', '한글과 한문 서예의 발전 과정', '120분', 'intermediate', 6, '/images/curriculum/calligraphy_history.jpg', '2026-02-18 12:18:04'),
(13, 3, '한국 전통미술과 민화', '민화의 역사와 특징', '민화의 종류와 의미, 현대적 해석', '90분', 'intermediate', 7, '/images/curriculum/minhwa.jpg', '2026-02-18 12:18:04'),
(14, 3, '한복의 역사와 아름다움', '한복의 역사와 미학', '한복의 구조, 색상, 문양의 의미', '90분', 'beginner', 8, '/images/curriculum/hanbok.jpg', '2026-02-18 12:18:04'),
(15, 3, '한지의 역사와 제조법', '전통 한지의 역사와 제작', '한지의 제조 과정과 특성, 현대적 활용', '120분', 'intermediate', 9, '/images/curriculum/hanji.jpg', '2026-02-18 12:18:04'),
(16, 4, '다도의 의미', '다도의 정신과 철학', '차를 통한 수양과 예절의 의미', '120분', 'beginner', 1, '/images/curriculum/dado_meaning.jpg', '2026-02-18 12:18:06'),
(17, 4, '다도의 역사와 시대적 변천사', '한국 다도의 역사적 발전', '시대별 다도 문화의 변화와 특징', '150분', 'intermediate', 2, '/images/curriculum/dado_history.jpg', '2026-02-18 12:18:06'),
(18, 4, '다도의 종류', '다양한 다도의 유형', '한국, 중국, 일본 다도의 특징 비교', '120분', 'intermediate', 3, '/images/curriculum/dado_types.jpg', '2026-02-18 12:18:06'),
(19, 4, '다도와 명상의 효과', '다도를 통한 명상 효과', '마음의 평안과 집중력 향상', '90분', 'beginner', 4, '/images/curriculum/dado_meditation.jpg', '2026-02-18 12:18:06'),
(20, 4, '인성교육으로 다도 명상을 해야하는 이유', '다도를 통한 인성 함양', '예절, 배려, 집중력 등 인성 교육', '150분', 'intermediate', 5, '/images/curriculum/dado_character.jpg', '2026-02-18 12:18:06'),
(21, 4, '다도의 역사와 정신', '다도의 철학적 배경', '선禅과 차의 정신적 연결', '120분', 'intermediate', 7, '/images/curriculum/dado_spirit.jpg', '2026-02-18 12:18:06'),
(22, 4, '다도교육의 이론과 실제', '다도 교육 방법론', '이론 학습과 실습을 통한 다도 교육', '150분', 'advanced', 8, '/images/curriculum/dado_practice.jpg', '2026-02-18 12:18:06'),
(23, 5, '호흡 명상', '호흡을 통한 명상', '올바른 호흡법과 명상 실습', '45분', 'beginner', 0, '/images/curriculum/breathing.jpg', '2026-02-18 13:59:11'),
(24, 5, '마음챙김 명상', '마음챙김 명상의 이론과 실습', '현재 순간에 집중하는 명상', '60분', 'intermediate', 0, '/images/curriculum/mindfulness.jpg', '2026-02-18 13:59:11'),
(25, 5, '차 명상', '차를 마시며 하는 명상', '차를 통한 오감 명상', '90분', 'intermediate', 0, '/images/curriculum/tea_meditation.jpg', '2026-02-18 13:59:11'),
(26, 5, '요가와 명상', '요가 동작과 명상의 결합', '몸과 마음을 함께 다스리는 명상', '75분', 'intermediate', 0, '/images/curriculum/yoga_meditation.jpg', '2026-02-18 13:59:11'),
(27, 5, '명상의 역사', '명상의 기원과 발전', '동서양 명상의 역사와 철학', '90분', 'beginner', 1, '/images/curriculum/meditation_history.jpg', '2026-02-18 13:59:11'),
(28, 5, '명상의 종류와 실천', '다양한 명상법', '호흡명상, 선명상, 위빠사나 등', '150분', 'intermediate', 2, '/images/curriculum/meditation_types.jpg', '2026-02-18 13:59:11'),
(29, 5, '명상의 정의와 원리', '명상의 본질과 작용 원리', '명상이 뇌와 신체에 미치는 영향', '60분', 'beginner', 2, '/images/curriculum/meditation_principle.jpg', '2026-02-18 13:59:11'),
(30, 5, '일상 속 명상 실천', '바쁜 일상 속 명상 적용', '짧은 시간으로 하는 실용적 명상법', '45분', 'beginner', 3, '/images/curriculum/daily_meditation.jpg', '2026-02-18 13:59:11');

PRAGMA foreign_keys = ON;
