-- 다공(茶工) 프로덕션 데이터 덤프
-- 생성일: 2026-02-19 13:18:21

-- 기존 데이터 삭제
DELETE FROM education_applications;
DELETE FROM order_items;
DELETE FROM order_commissions;
DELETE FROM product_images;
DELETE FROM reviews;
DELETE FROM experiences;
DELETE FROM products;
DELETE FROM producers;
DELETE FROM events;
DELETE FROM categories;
DELETE FROM regions;

-- Categories 데이터
INSERT INTO categories (id, name, type, description, display_order, created_at) VALUES (1, '녹차', 'tea', '한국 전통 녹차', 1, '2026-02-18 12:18:13');
INSERT INTO categories (id, name, type, description, display_order, created_at) VALUES (2, '황차', 'tea', '특별한 황차', 4, '2026-02-18 12:18:13');
INSERT INTO categories (id, name, type, description, display_order, created_at) VALUES (3, '홍차', 'tea', '완전 발효 홍차', 5, '2026-02-18 12:18:13');
INSERT INTO categories (id, name, type, description, display_order, created_at) VALUES (4, '발효차', 'tea', '전통 발효차', 6, '2026-02-18 12:18:13');
INSERT INTO categories (id, name, type, description, display_order, created_at) VALUES (6, '블렌딩차', 'tea', '다양한 블렌딩 차', 7, '2026-02-18 12:18:13');
INSERT INTO categories (id, name, type, description, display_order, created_at) VALUES (8, '찻잔', 'craft', '다양한 찻잔', 2, '2026-02-18 12:18:13');
INSERT INTO categories (id, name, type, description, display_order, created_at) VALUES (9, '다관', 'craft', '전통 다관', 1, '2026-02-18 12:18:13');
INSERT INTO categories (id, name, type, description, display_order, created_at) VALUES (11, '장식품', 'craft', '인테리어 장식품', 9, '2026-02-18 12:18:13');
INSERT INTO categories (id, name, type, description, display_order, created_at) VALUES (12, '명절 선물세트', 'gift', '명절 특별 선물', 1, '2026-02-18 12:18:13');
INSERT INTO categories (id, name, type, description, display_order, created_at) VALUES (13, '기념일 선물세트', 'gift', '기념일용 선물', 2, '2026-02-18 12:18:13');
INSERT INTO categories (id, name, type, description, display_order, created_at) VALUES (14, '기업 선물세트', 'gift', '기업용 선물', 3, '2026-02-18 12:18:13');
INSERT INTO categories (id, name, type, description, display_order, created_at) VALUES (15, '맞춤 선물세트', 'gift', '맞춤형 선물', 4, '2026-02-18 12:18:13');
INSERT INTO categories (id, name, type, description, display_order, created_at) VALUES (17, '농산물', 'local', '지역 농산물', 1, '2026-02-18 12:18:13');
INSERT INTO categories (id, name, type, description, display_order, created_at) VALUES (18, '가공식품', 'local', '지역 가공식품', 5, '2026-02-18 12:18:13');
INSERT INTO categories (id, name, type, description, display_order, created_at) VALUES (19, '수산물', 'local', '지역 수산물', 2, '2026-02-18 12:18:13');
INSERT INTO categories (id, name, type, description, display_order, created_at) VALUES (20, '축산물', 'local', '지역 축산물', 3, '2026-02-18 12:18:13');
INSERT INTO categories (id, name, type, description, display_order, created_at) VALUES (21, '백차', 'tea', '은은한 향의 백차', 2, '2026-02-18 12:18:13');
INSERT INTO categories (id, name, type, description, display_order, created_at) VALUES (22, '청차', 'tea', '반발효 청차', 3, '2026-02-18 12:18:13');
INSERT INTO categories (id, name, type, description, display_order, created_at) VALUES (23, '다기세트', 'craft', '다기 세트', 3, '2026-02-18 12:18:13');
INSERT INTO categories (id, name, type, description, display_order, created_at) VALUES (24, '도자기', 'craft', '전통 도자기', 4, '2026-02-18 12:18:13');
INSERT INTO categories (id, name, type, description, display_order, created_at) VALUES (25, '목공예', 'craft', '목공예품', 5, '2026-02-18 12:18:13');
INSERT INTO categories (id, name, type, description, display_order, created_at) VALUES (26, '금속공예', 'craft', '금속 공예품', 6, '2026-02-18 12:18:13');
INSERT INTO categories (id, name, type, description, display_order, created_at) VALUES (27, '한복공예', 'craft', '한복 관련 공예', 7, '2026-02-18 12:18:13');
INSERT INTO categories (id, name, type, description, display_order, created_at) VALUES (28, '가죽공예', 'craft', '가죽 공예품', 8, '2026-02-18 12:18:13');
INSERT INTO categories (id, name, type, description, display_order, created_at) VALUES (29, '서예', 'craft', '서예 작품', 10, '2026-02-18 12:18:13');
INSERT INTO categories (id, name, type, description, display_order, created_at) VALUES (30, '그림', 'craft', '전통 그림', 11, '2026-02-18 12:18:13');
INSERT INTO categories (id, name, type, description, display_order, created_at) VALUES (31, '특산품', 'local', '지역 특산품', 4, '2026-02-18 12:18:13');

-- Regions 데이터
INSERT INTO regions (id, name, type, description, image_url, created_at) VALUES (1, '제주도', 'tea', '제주 녹차의 고장', '', '2026-02-18 12:18:13');
INSERT INTO regions (id, name, type, description, image_url, created_at) VALUES (2, '하동', 'tea', '전통 하동 녹차', '', '2026-02-18 12:18:13');
INSERT INTO regions (id, name, type, description, image_url, created_at) VALUES (3, '김해', 'tea', '김해 차 문화', '', '2026-02-18 12:18:13');
INSERT INTO regions (id, name, type, description, image_url, created_at) VALUES (4, '광양', 'tea', '광양 녹차', '', '2026-02-18 12:18:13');
INSERT INTO regions (id, name, type, description, image_url, created_at) VALUES (5, '보성', 'tea', '보성 녹차', '', '2026-02-18 12:18:13');
INSERT INTO regions (id, name, type, description, image_url, created_at) VALUES (6, '강진', 'tea', '강진 차 문화', '', '2026-02-18 12:18:13');
INSERT INTO regions (id, name, type, description, image_url, created_at) VALUES (7, '장흥', 'tea', '장흥 차', '', '2026-02-18 12:18:13');
INSERT INTO regions (id, name, type, description, image_url, created_at) VALUES (8, '부안', 'tea', '부안 차', '', '2026-02-18 12:18:13');
INSERT INTO regions (id, name, type, description, image_url, created_at) VALUES (9, '경기 광주', 'craft', '경기 광주 공예', '', '2026-02-18 12:18:13');
INSERT INTO regions (id, name, type, description, image_url, created_at) VALUES (10, '이천', 'craft', '이천 도자기', '', '2026-02-18 12:18:13');
INSERT INTO regions (id, name, type, description, image_url, created_at) VALUES (11, '여주', 'craft', '여주 도자기', '', '2026-02-18 12:18:13');
INSERT INTO regions (id, name, type, description, image_url, created_at) VALUES (12, '청주', 'craft', '청주 공예', '', '2026-02-18 12:18:13');
INSERT INTO regions (id, name, type, description, image_url, created_at) VALUES (13, '부안', 'craft', '부안 공예', '', '2026-02-18 12:18:13');
INSERT INTO regions (id, name, type, description, image_url, created_at) VALUES (14, '강진', 'craft', '강진 도자기', '', '2026-02-18 12:18:13');
INSERT INTO regions (id, name, type, description, image_url, created_at) VALUES (15, '문경', 'craft', '문경 도자기', '', '2026-02-18 12:18:13');
INSERT INTO regions (id, name, type, description, image_url, created_at) VALUES (16, '김해', 'craft', '김해 공예', '', '2026-02-18 12:18:13');
INSERT INTO regions (id, name, type, description, image_url, created_at) VALUES (17, '진천', 'craft', '진천 공예', '', '2026-02-18 12:18:13');

-- Producers 데이터
INSERT INTO producers (id, name, description, region_id, contact, image_url, created_at) VALUES (1, '박수공', 'null', null, '', '', '2026-02-18 16:00:36');
INSERT INTO producers (id, name, description, region_id, contact, image_url, created_at) VALUES (2, '제주 한라산 차농원', 'null', 1, '', '', '2026-02-18 16:00:46');

-- Products 데이터
INSERT INTO products (id, name, category_id, producer_id, description, price, stock, main_image, product_type, weight, origin, is_featured, is_available, created_at, original_price, discount_rate, commission_rate) VALUES (1, '제주 한라산 녹차 50g', 1, 1, '제주 한라산 해발 600m에서 자란 유기농 녹차입니다.', 20000, null, '/images/products/default.jpg', 'tea', 'null', 'null', 0, 1, '2026-02-18 16:01:29', 25000, 30, null);
INSERT INTO products (id, name, category_id, producer_id, description, price, stock, main_image, product_type, weight, origin, is_featured, is_available, created_at, original_price, discount_rate, commission_rate) VALUES (2, '제주 한라산 녹차 50g', 1, 2, '청정 제주 한라산에서 자란 고급 녹차입니다.', null, null, 'null', 'tea', '50', '제주도', 0, 1, '2026-02-18 17:11:41', null, 30, null);
INSERT INTO products (id, name, category_id, producer_id, description, price, stock, main_image, product_type, weight, origin, is_featured, is_available, created_at, original_price, discount_rate, commission_rate) VALUES (3, '하동 야생 녹차 100g', 1, 2, '전통 하동 지역에서 재배한 야생 녹차입니다.', null, null, 'null', 'tea', '100', '하동', 0, 1, '2026-02-18 17:11:41', null, 35, null);
INSERT INTO products (id, name, category_id, producer_id, description, price, stock, main_image, product_type, weight, origin, is_featured, is_available, created_at, original_price, discount_rate, commission_rate) VALUES (4, '보성 우전 녹차 50g', 1, 2, '보성의 첫물차 우전으로 만든 프리미엄 녹차입니다.', null, null, 'null', 'tea', '50', '보성', 0, 1, '2026-02-18 17:11:41', null, 30, null);
INSERT INTO products (id, name, category_id, producer_id, description, price, stock, main_image, product_type, weight, origin, is_featured, is_available, created_at, original_price, discount_rate, commission_rate) VALUES (5, '제주 홍차 50g', 3, 2, '제주산 홍차로 은은한 과일향과 깊은 맛이 조화롭습니다.', null, null, 'null', 'tea', '50', '제주도', 0, 1, '2026-02-18 17:11:41', null, 30, null);
INSERT INTO products (id, name, category_id, producer_id, description, price, stock, main_image, product_type, weight, origin, is_featured, is_available, created_at, original_price, discount_rate, commission_rate) VALUES (6, '하동 발효 홍차 100g', 3, 2, '하동에서 전통 방식으로 발효시킨 프리미엄 홍차입니다.', null, null, 'null', 'tea', '100', '하동', 0, 1, '2026-02-18 17:11:41', null, 30, null);
INSERT INTO products (id, name, category_id, producer_id, description, price, stock, main_image, product_type, weight, origin, is_featured, is_available, created_at, original_price, discount_rate, commission_rate) VALUES (7, '청자 다관', 9, 2, '강진 청자로 만든 전통 다관입니다.', null, null, 'null', 'craft', '500', '강진', 0, 1, '2026-02-18 17:11:41', null, 30, null);
INSERT INTO products (id, name, category_id, producer_id, description, price, stock, main_image, product_type, weight, origin, is_featured, is_available, created_at, original_price, discount_rate, commission_rate) VALUES (8, '백자 다관', 9, 2, '이천 백자로 만든 순백의 다관입니다.', null, null, 'null', 'craft', '600', '이천', 0, 1, '2026-02-18 17:11:41', null, 30, null);
INSERT INTO products (id, name, category_id, producer_id, description, price, stock, main_image, product_type, weight, origin, is_featured, is_available, created_at, original_price, discount_rate, commission_rate) VALUES (9, '청자 찻잔 세트', 8, 2, '강진 청자로 만든 찻잔 4개 세트입니다.', null, null, 'null', 'craft', '400', '강진', 0, 1, '2026-02-18 17:11:41', null, 30, null);
INSERT INTO products (id, name, category_id, producer_id, description, price, stock, main_image, product_type, weight, origin, is_featured, is_available, created_at, original_price, discount_rate, commission_rate) VALUES (10, '백자 찻잔 세트', 8, 2, '이천 백자로 만든 찻잔 6개 세트입니다.', null, null, 'null', 'craft', '500', '이천', 0, 1, '2026-02-18 17:11:41', null, 30, null);
INSERT INTO products (id, name, category_id, producer_id, description, price, stock, main_image, product_type, weight, origin, is_featured, is_available, created_at, original_price, discount_rate, commission_rate) VALUES (11, '청자 화병', 24, 2, '강진 청자로 만든 전통 화병입니다.', null, null, 'null', 'craft', '800', '강진', 0, 1, '2026-02-18 17:11:41', null, 30, null);
INSERT INTO products (id, name, category_id, producer_id, description, price, stock, main_image, product_type, weight, origin, is_featured, is_available, created_at, original_price, discount_rate, commission_rate) VALUES (12, '백자 항아리', 24, 2, '이천 백자로 만든 전통 항아리입니다.', null, null, 'null', 'craft', '1200', '이천', 0, 1, '2026-02-18 17:11:41', null, 30, null);
INSERT INTO products (id, name, category_id, producer_id, description, price, stock, main_image, product_type, weight, origin, is_featured, is_available, created_at, original_price, discount_rate, commission_rate) VALUES (13, '전통 찻상', 25, 2, '원목으로 만든 전통 찻상입니다.', null, null, 'null', 'craft', '3000', '전주', 0, 1, '2026-02-18 17:11:41', null, 30, null);
INSERT INTO products (id, name, category_id, producer_id, description, price, stock, main_image, product_type, weight, origin, is_featured, is_available, created_at, original_price, discount_rate, commission_rate) VALUES (14, '원목 다기함', 25, 2, '원목으로 만든 다기 보관함입니다.', null, null, 'null', 'craft', '2000', '전주', 0, 1, '2026-02-18 17:11:41', null, 30, null);
INSERT INTO products (id, name, category_id, producer_id, description, price, stock, main_image, product_type, weight, origin, is_featured, is_available, created_at, original_price, discount_rate, commission_rate) VALUES (15, '설날 프리미엄 차 선물세트', 12, 2, '녹차, 홍차, 발효차가 포함된 명절 선물세트입니다.', null, null, 'null', 'gift_set', '500', '전국', 0, 1, '2026-02-18 17:11:41', null, 30, null);
INSERT INTO products (id, name, category_id, producer_id, description, price, stock, main_image, product_type, weight, origin, is_featured, is_available, created_at, original_price, discount_rate, commission_rate) VALUES (16, '추석 한가위 선물세트', 12, 2, '프리미엄 차와 전통 공예 찻잔이 포함된 추석 선물세트입니다.', null, null, 'null', 'gift_set', '800', '전국', 0, 1, '2026-02-18 17:11:41', null, 30, null);
INSERT INTO products (id, name, category_id, producer_id, description, price, stock, main_image, product_type, weight, origin, is_featured, is_available, created_at, original_price, discount_rate, commission_rate) VALUES (17, '생일 축하 차 선물세트', 13, 2, '생일 축하용 프리미엄 차와 다기 세트입니다.', null, null, 'null', 'gift_set', '600', '전국', 0, 1, '2026-02-18 17:11:41', null, 30, null);
INSERT INTO products (id, name, category_id, producer_id, description, price, stock, main_image, product_type, weight, origin, is_featured, is_available, created_at, original_price, discount_rate, commission_rate) VALUES (18, '결혼 기념일 선물세트', 13, 2, '결혼 기념일을 위한 고급 차와 청자 다기 세트입니다.', null, null, 'null', 'gift_set', '1000', '전국', 0, 1, '2026-02-18 17:11:41', null, 30, null);
INSERT INTO products (id, name, category_id, producer_id, description, price, stock, main_image, product_type, weight, origin, is_featured, is_available, created_at, original_price, discount_rate, commission_rate) VALUES (19, '기업 VIP 선물세트', 14, 2, '기업 VIP를 위한 최고급 차와 전통 공예품 세트입니다.', null, null, 'null', 'gift_set', '1500', '전국', 0, 1, '2026-02-18 17:11:41', null, 30, null);
INSERT INTO products (id, name, category_id, producer_id, description, price, stock, main_image, product_type, weight, origin, is_featured, is_available, created_at, original_price, discount_rate, commission_rate) VALUES (20, '기업 감사 선물세트', 14, 2, '거래처 감사 인사용 프리미엄 차 선물세트입니다.', null, null, 'null', 'gift_set', '700', '전국', 0, 1, '2026-02-18 17:11:41', null, 30, null);
INSERT INTO products (id, name, category_id, producer_id, description, price, stock, main_image, product_type, weight, origin, is_featured, is_available, created_at, original_price, discount_rate, commission_rate) VALUES (21, '제주 한라봉 5kg', 17, 2, '제주 청정지역에서 재배한 달콤한 한라봉입니다.', null, null, 'null', 'local', '5000', '제주도', 0, 1, '2026-02-18 17:11:41', null, 30, null);
INSERT INTO products (id, name, category_id, producer_id, description, price, stock, main_image, product_type, weight, origin, is_featured, is_available, created_at, original_price, discount_rate, commission_rate) VALUES (22, '보성 찰옥수수 10개', 17, 2, '보성에서 재배한 달콤한 찰옥수수입니다.', null, null, 'null', 'local', '3000', '보성', 0, 1, '2026-02-18 17:11:41', null, 30, null);
INSERT INTO products (id, name, category_id, producer_id, description, price, stock, main_image, product_type, weight, origin, is_featured, is_available, created_at, original_price, discount_rate, commission_rate) VALUES (23, '강원도 감자 10kg', 17, 2, '강원도 고랭지에서 재배한 신선한 감자입니다.', null, null, 'null', 'local', '10000', '강원도', 0, 1, '2026-02-18 17:11:41', null, 30, null);
INSERT INTO products (id, name, category_id, producer_id, description, price, stock, main_image, product_type, weight, origin, is_featured, is_available, created_at, original_price, discount_rate, commission_rate) VALUES (24, '제주 한라 전복 1kg', 19, 2, '제주 청정해역에서 양식한 싱싱한 전복입니다.', null, null, 'null', 'local', '1000', '제주도', 0, 1, '2026-02-18 17:11:41', null, 30, null);
INSERT INTO products (id, name, category_id, producer_id, description, price, stock, main_image, product_type, weight, origin, is_featured, is_available, created_at, original_price, discount_rate, commission_rate) VALUES (25, '남해 멸치 500g', 19, 2, '남해에서 잡은 은빛 멸치입니다.', null, null, 'null', 'local', '500', '남해', 0, 1, '2026-02-18 17:11:41', null, 30, null);
INSERT INTO products (id, name, category_id, producer_id, description, price, stock, main_image, product_type, weight, origin, is_featured, is_available, created_at, original_price, discount_rate, commission_rate) VALUES (26, '보성 녹차 아이스크림', 18, 2, '보성 녹차로 만든 고급 아이스크림입니다.', null, null, 'null', 'local', '1000', '보성', 0, 1, '2026-02-18 17:11:41', null, 30, null);
INSERT INTO products (id, name, category_id, producer_id, description, price, stock, main_image, product_type, weight, origin, is_featured, is_available, created_at, original_price, discount_rate, commission_rate) VALUES (27, '제주 감귤 청 500g', 18, 2, '제주 감귤로 만든 수제 청입니다.', null, null, 'null', 'local', '500', '제주도', 0, 1, '2026-02-18 17:11:41', null, 30, null);
INSERT INTO products (id, name, category_id, producer_id, description, price, stock, main_image, product_type, weight, origin, is_featured, is_available, created_at, original_price, discount_rate, commission_rate) VALUES (28, '담양 대나무 죽염', 31, 2, '담양 대나무로 구운 전통 죽염입니다.', null, null, 'null', 'local', '300', '담양', 0, 1, '2026-02-18 17:11:41', null, 30, null);
INSERT INTO products (id, name, category_id, producer_id, description, price, stock, main_image, product_type, weight, origin, is_featured, is_available, created_at, original_price, discount_rate, commission_rate) VALUES (29, '안동 고추장 500g', 31, 2, '안동 전통 방식으로 만든 고추장입니다.', null, null, 'null', 'local', '500', '안동', 0, 1, '2026-02-18 17:11:41', null, 30, null);
INSERT INTO products (id, name, category_id, producer_id, description, price, stock, main_image, product_type, weight, origin, is_featured, is_available, created_at, original_price, discount_rate, commission_rate) VALUES (30, '제주 한라산 녹차 50g', 1, 2, '제주 한라산 청정지역에서 자란 유기농 녹차입니다. 은은한 향과 깔끔한 맛이 특징입니다.', null, null, 'null', 'tea', '50', '제주도', 1, 1, '2026-02-18 17:41:19', 15000, 30, null);
INSERT INTO products (id, name, category_id, producer_id, description, price, stock, main_image, product_type, weight, origin, is_featured, is_available, created_at, original_price, discount_rate, commission_rate) VALUES (31, '하동 야생 녹차 100g', 1, 1, '경남 하동의 야생차밭에서 자란 프리미엄 녹차입니다. 깊은 맛과 진한 향이 일품입니다.', null, null, 'null', 'tea', '100', '경상남도 하동', 1, 1, '2026-02-18 17:41:19', 35000, 30, null);
INSERT INTO products (id, name, category_id, producer_id, description, price, stock, main_image, product_type, weight, origin, is_featured, is_available, created_at, original_price, discount_rate, commission_rate) VALUES (32, '보성 우전 녹차 50g', 1, 1, '전남 보성의 첫 물 우전차입니다. 부드러운 맛과 은은한 단맛이 특징입니다.', null, null, 'null', 'tea', '50', '전라남도 보성', 1, 1, '2026-02-18 17:41:19', 28000, 30, null);
INSERT INTO products (id, name, category_id, producer_id, description, price, stock, main_image, product_type, weight, origin, is_featured, is_available, created_at, original_price, discount_rate, commission_rate) VALUES (33, '백모단 백차 30g', 21, 2, '어린 잎으로 만든 프리미엄 백차입니다. 은은한 꽃향과 부드러운 맛이 특징입니다.', null, null, 'null', 'tea', '30', '중국 푸젠성', 1, 1, '2026-02-18 17:41:19', 45000, 30, null);
INSERT INTO products (id, name, category_id, producer_id, description, price, stock, main_image, product_type, weight, origin, is_featured, is_available, created_at, original_price, discount_rate, commission_rate) VALUES (34, '백호은침 백차 50g', 21, 1, '고급 백차로 은빛 털이 가득한 어린 싹으로 만들었습니다. 달콤한 여운이 오래 남습니다.', null, null, 'null', 'tea', '50', '중국 푸젠성', 1, 1, '2026-02-18 17:41:19', 55000, 30, null);
INSERT INTO products (id, name, category_id, producer_id, description, price, stock, main_image, product_type, weight, origin, is_featured, is_available, created_at, original_price, discount_rate, commission_rate) VALUES (35, '수미 백차 40g', 21, 2, '부드럽고 깔끔한 맛의 백차입니다. 카페인이 적어 밤에도 즐기기 좋습니다.', null, null, 'null', 'tea', '40', '중국 푸젠성', 1, 1, '2026-02-18 17:41:19', 38000, 30, null);
INSERT INTO products (id, name, category_id, producer_id, description, price, stock, main_image, product_type, weight, origin, is_featured, is_available, created_at, original_price, discount_rate, commission_rate) VALUES (36, '철관음 청차 80g', 22, 1, '중국 안계철관음입니다. 화려한 꽃향과 깊은 맛이 조화롭습니다.', null, null, 'null', 'tea', '80', '중국 푸젠성', 1, 1, '2026-02-18 17:41:19', 42000, 30, null);
INSERT INTO products (id, name, category_id, producer_id, description, price, stock, main_image, product_type, weight, origin, is_featured, is_available, created_at, original_price, discount_rate, commission_rate) VALUES (37, '대만 동정오룡차 100g', 22, 2, '대만 고산에서 자란 프리미엄 오룡차입니다. 과일향과 꿀향이 풍부합니다.', null, null, 'null', 'tea', '100', '대만', 1, 1, '2026-02-18 17:41:19', 65000, 30, null);
INSERT INTO products (id, name, category_id, producer_id, description, price, stock, main_image, product_type, weight, origin, is_featured, is_available, created_at, original_price, discount_rate, commission_rate) VALUES (38, '무이암차 대홍포 50g', 22, 1, '중국 무이산의 명차 대홍포입니다. 깊고 묵직한 암운 향이 특징입니다.', null, null, 'null', 'tea', '50', '중국 푸젠성', 1, 1, '2026-02-18 17:41:19', 85000, 30, null);
INSERT INTO products (id, name, category_id, producer_id, description, price, stock, main_image, product_type, weight, origin, is_featured, is_available, created_at, original_price, discount_rate, commission_rate) VALUES (39, '군산황아 황차 50g', 2, 2, '중국 사천의 전통 황차입니다. 부드러운 맛과 은은한 단맛이 특징입니다.', null, null, 'null', 'tea', '50', '중국 사천성', 1, 1, '2026-02-18 17:41:19', 48000, 30, null);
INSERT INTO products (id, name, category_id, producer_id, description, price, stock, main_image, product_type, weight, origin, is_featured, is_available, created_at, original_price, discount_rate, commission_rate) VALUES (40, '몽정황아 황차 80g', 2, 1, '중국 명차 몽정황아입니다. 황금빛 수색과 깨끗한 맛이 일품입니다.', null, null, 'null', 'tea', '80', '중국 사천성', 1, 1, '2026-02-18 17:41:19', 68000, 30, null);
INSERT INTO products (id, name, category_id, producer_id, description, price, stock, main_image, product_type, weight, origin, is_featured, is_available, created_at, original_price, discount_rate, commission_rate) VALUES (41, '곽산황대차 황차 100g', 2, 2, '황차의 대표격인 곽산황대차입니다. 깊은 맛과 오래 지속되는 여운이 특징입니다.', null, null, 'null', 'tea', '100', '중국 안휘성', 1, 1, '2026-02-18 17:41:19', 52000, 30, null);
INSERT INTO products (id, name, category_id, producer_id, description, price, stock, main_image, product_type, weight, origin, is_featured, is_available, created_at, original_price, discount_rate, commission_rate) VALUES (42, '정산소종 홍차 80g', 3, 1, '중국 정산의 전통 홍차입니다. 스모키한 향과 깊은 맛이 특징입니다.', null, null, 'null', 'tea', '80', '중국 푸젠성', 1, 1, '2026-02-18 17:41:19', 38000, 30, null);
INSERT INTO products (id, name, category_id, producer_id, description, price, stock, main_image, product_type, weight, origin, is_featured, is_available, created_at, original_price, discount_rate, commission_rate) VALUES (43, '기문홍차 100g', 3, 2, '세계 3대 홍차 기문홍차입니다. 과일향과 꿀향이 어우러진 고급 홍차입니다.', null, null, 'null', 'tea', '100', '중국 안휘성', 1, 1, '2026-02-18 17:41:19', 55000, 30, null);
INSERT INTO products (id, name, category_id, producer_id, description, price, stock, main_image, product_type, weight, origin, is_featured, is_available, created_at, original_price, discount_rate, commission_rate) VALUES (44, '전홍 제주 홍차 50g', 3, 2, '제주에서 재배한 국산 홍차입니다. 부드러운 맛과 은은한 단맛이 특징입니다.', null, null, 'null', 'tea', '50', '제주도', 1, 1, '2026-02-18 17:41:19', 32000, 30, null);
INSERT INTO products (id, name, category_id, producer_id, description, price, stock, main_image, product_type, weight, origin, is_featured, is_available, created_at, original_price, discount_rate, commission_rate) VALUES (45, '보이생차 100g', 4, 1, '운남 보이 생차입니다. 떫은맛과 단맛이 조화롭고 숙성 가능성이 높습니다.', null, null, 'null', 'tea', '100', '중국 운남성', 1, 1, '2026-02-18 17:41:19', 48000, 30, null);
INSERT INTO products (id, name, category_id, producer_id, description, price, stock, main_image, product_type, weight, origin, is_featured, is_available, created_at, original_price, discount_rate, commission_rate) VALUES (46, '보이숙차 병차 357g', 4, 2, '10년 숙성 보이 숙차입니다. 깊고 부드러운 맛이 일품입니다.', null, null, 'null', 'tea', '357', '중국 운남성', 1, 1, '2026-02-18 17:41:19', 120000, 30, null);
INSERT INTO products (id, name, category_id, producer_id, description, price, stock, main_image, product_type, weight, origin, is_featured, is_available, created_at, original_price, discount_rate, commission_rate) VALUES (47, '흑전차 안화흑차 200g', 4, 1, '중국 안화의 전통 흑차입니다. 구수한 맛과 깊은 여운이 특징입니다.', null, null, 'null', 'tea', '200', '중국 호남성', 1, 1, '2026-02-18 17:41:19', 65000, 30, null);
INSERT INTO products (id, name, category_id, producer_id, description, price, stock, main_image, product_type, weight, origin, is_featured, is_available, created_at, original_price, discount_rate, commission_rate) VALUES (48, '얼그레이 블렌딩 100g', 6, 2, '홍차에 베르가못 향을 더한 클래식 블렌딩차입니다. 상쾌한 감귤향이 특징입니다.', null, null, 'null', 'tea', '100', '국내 제조', 1, 1, '2026-02-18 17:41:19', 28000, 30, null);
INSERT INTO products (id, name, category_id, producer_id, description, price, stock, main_image, product_type, weight, origin, is_featured, is_available, created_at, original_price, discount_rate, commission_rate) VALUES (49, '캐모마일 릴렉스 블렌딩 50g', 6, 1, '캐모마일과 허브를 블렌딩한 릴렉스 티입니다. 숙면에 도움을 줍니다.', null, null, 'null', 'tea', '50', '국내 제조', 1, 1, '2026-02-18 17:41:19', 22000, 30, null);
INSERT INTO products (id, name, category_id, producer_id, description, price, stock, main_image, product_type, weight, origin, is_featured, is_available, created_at, original_price, discount_rate, commission_rate) VALUES (50, '과일 하이비스커스 블렌딩 80g', 6, 2, '하이비스커스에 다양한 과일을 블렌딩했습니다. 새콤달콤한 맛이 일품입니다.', null, null, 'null', 'tea', '80', '국내 제조', 1, 1, '2026-02-18 17:41:19', 25000, 30, null);

-- Experiences 데이터
INSERT INTO experiences (id, title, description, producer_id, region_id, price, duration, max_participants, image_url, created_at) VALUES (1, '보성 녹차밭 힐링 투어', '보성의 아름다운 녹차밭을 거닐며 녹차 제조 과정을 체험합니다.', null, 5, 35000, '180', 20, '', '2026-02-18 17:11:41');
INSERT INTO experiences (id, title, description, producer_id, region_id, price, duration, max_participants, image_url, created_at) VALUES (2, '하동 야생차 체험', '전통 하동 차밭에서 직접 차잎을 따고 제다 과정을 체험합니다.', null, 2, 40000, '240', 15, '', '2026-02-18 17:11:41');
INSERT INTO experiences (id, title, description, producer_id, region_id, price, duration, max_participants, image_url, created_at) VALUES (3, '제주 한라산 차밭 트레킹', '제주 한라산 자락의 차밭을 트레킹하며 차 문화를 체험합니다.', null, 1, 45000, '300', 12, '', '2026-02-18 17:11:41');
INSERT INTO experiences (id, title, description, producer_id, region_id, price, duration, max_participants, image_url, created_at) VALUES (4, '전통 다도 입문 클래스', '한국 전통 다도의 기본을 배웁니다.', null, 9, 50000, '120', 10, '', '2026-02-18 17:11:41');
INSERT INTO experiences (id, title, description, producer_id, region_id, price, duration, max_participants, image_url, created_at) VALUES (5, '명상과 함께하는 차 명상', '차를 마시며 명상하는 프로그램입니다.', null, 6, 60000, '150', 8, '', '2026-02-18 17:11:41');
INSERT INTO experiences (id, title, description, producer_id, region_id, price, duration, max_participants, image_url, created_at) VALUES (6, '강진 청자 만들기 체험', '강진 청자의 전통 기법으로 청자를 만듭니다.', null, 14, 70000, '180', 12, '', '2026-02-18 17:11:41');
INSERT INTO experiences (id, title, description, producer_id, region_id, price, duration, max_participants, image_url, created_at) VALUES (7, '이천 도자기 공방 체험', '이천 도자기 장인과 함께 전통 도자기를 만듭니다.', null, 10, 80000, '240', 10, '', '2026-02-18 17:11:41');
INSERT INTO experiences (id, title, description, producer_id, region_id, price, duration, max_participants, image_url, created_at) VALUES (8, '전주 한지 공예 체험', '전통 한지로 다양한 공예품을 만듭니다.', null, 9, 40000, '120', 15, '', '2026-02-18 17:11:41');
INSERT INTO experiences (id, title, description, producer_id, region_id, price, duration, max_participants, image_url, created_at) VALUES (9, '보성 차산지 1박2일 투어', '보성의 아름다운 녹차밭을 둘러보는 1박2일 투어입니다.', null, 5, 180000, '1440', 20, '', '2026-02-18 17:11:41');
INSERT INTO experiences (id, title, description, producer_id, region_id, price, duration, max_participants, image_url, created_at) VALUES (10, '하동 차공예 복합 투어', '하동의 차밭과 전통 공예 마을을 둘러봅니다.', null, 2, 90000, '480', 15, '', '2026-02-18 17:11:41');
INSERT INTO experiences (id, title, description, producer_id, region_id, price, duration, max_participants, image_url, created_at) VALUES (11, '설날 전통 다례 체험', '설날 명절을 맞아 전통 다례를 배웁니다.', null, 9, 100000, '180', 10, '', '2026-02-18 17:11:41');
INSERT INTO experiences (id, title, description, producer_id, region_id, price, duration, max_participants, image_url, created_at) VALUES (12, '추석 한가위 차 문화 체험', '추석을 맞아 한국 전통 차 문화를 체험합니다.', null, 5, 80000, '240', 15, '', '2026-02-18 17:11:41');

-- Events 데이터
INSERT INTO events (id, title, description, event_type, discount_rate, banner_image, start_date, end_date, is_active, month, is_recurring, priority, created_at) VALUES (4, '신년 맞이 대할인', '새해를 맞아 모든 차 제품 20% 할인', 'discount', 20, '/images/events/new-year-sale.jpg', '2026-01-01', '2026-01-31', 1, 1, 1, 10, '2026-02-18 12:18:13');
INSERT INTO events (id, title, description, event_type, discount_rate, banner_image, start_date, end_date, is_active, month, is_recurring, priority, created_at) VALUES (5, '설날 선물세트 특가', '설날 선물용 프리미엄 세트 30% 할인', 'holiday', 30, '/images/events/lunar-new-year.jpg', '2026-01-15', '2026-02-15', 1, 1, 1, 9, '2026-02-18 12:18:13');
INSERT INTO events (id, title, description, event_type, discount_rate, banner_image, start_date, end_date, is_active, month, is_recurring, priority, created_at) VALUES (6, '봄 햇차 예약판매', '올해 첫 수확 햇차 15% 할인 예약', 'season', 15, '/images/events/spring-tea.jpg', '2026-02-01', '2026-04-30', 1, 2, 1, 10, '2026-02-18 12:18:13');
INSERT INTO events (id, title, description, event_type, discount_rate, banner_image, start_date, end_date, is_active, month, is_recurring, priority, created_at) VALUES (7, '밸런타인데이 차 선물', '사랑하는 사람에게 차 선물 15% 할인', 'holiday', 15, '/images/events/valentine.jpg', '2026-02-01', '2026-02-14', 1, 2, 1, 8, '2026-02-18 12:18:13');
INSERT INTO events (id, title, description, event_type, discount_rate, banner_image, start_date, end_date, is_active, month, is_recurring, priority, created_at) VALUES (8, '봄맞이 녹차 페스티벌', '봄 시즌 녹차 특가 20% 할인', 'season', 20, '/images/events/green-tea-festival.jpg', '2026-03-01', '2026-03-31', 1, 3, 1, 10, '2026-02-18 12:18:13');
INSERT INTO events (id, title, description, event_type, discount_rate, banner_image, start_date, end_date, is_active, month, is_recurring, priority, created_at) VALUES (9, '화이트데이 공예품 특가', '화이트데이 도자기 선물 15% 할인', 'holiday', 15, '/images/events/white-day.jpg', '2026-03-01', '2026-03-14', 1, 3, 1, 8, '2026-02-18 12:18:13');
INSERT INTO events (id, title, description, event_type, discount_rate, banner_image, start_date, end_date, is_active, month, is_recurring, priority, created_at) VALUES (10, '봄나들이 차 세트', '봄나들이용 휴대용 다기 세트 20% 할인', 'season', 20, '/images/events/spring-picnic.jpg', '2026-04-01', '2026-04-30', 1, 4, 1, 10, '2026-02-18 12:18:13');
INSERT INTO events (id, title, description, event_type, discount_rate, banner_image, start_date, end_date, is_active, month, is_recurring, priority, created_at) VALUES (11, '햇차 시음회 이벤트', '햇차 시음회 참가자 특가 25% 할인', 'special', 25, '/images/events/tea-tasting.jpg', '2026-04-15', '2026-04-30', 1, 4, 1, 9, '2026-02-18 12:18:13');
INSERT INTO events (id, title, description, event_type, discount_rate, banner_image, start_date, end_date, is_active, month, is_recurring, priority, created_at) VALUES (12, '어린이날 가족 선물', '어린이날 가족 선물세트 20% 할인', 'holiday', 20, '/images/events/childrens-day.jpg', '2026-04-20', '2026-05-05', 1, 4, 1, 8, '2026-02-18 12:18:13');
INSERT INTO events (id, title, description, event_type, discount_rate, banner_image, start_date, end_date, is_active, month, is_recurring, priority, created_at) VALUES (13, '어버이날 효도 선물', '어버이날 프리미엄 차 선물 25% 할인', 'holiday', 25, '/images/events/parents-day.jpg', '2026-05-01', '2026-05-08', 1, 5, 1, 10, '2026-02-18 12:18:13');
INSERT INTO events (id, title, description, event_type, discount_rate, banner_image, start_date, end_date, is_active, month, is_recurring, priority, created_at) VALUES (14, '가정의 달 감사 이벤트', '가족 건강 선물세트 20% 할인', 'holiday', 20, '/images/events/family-month.jpg', '2026-05-01', '2026-05-31', 1, 5, 1, 9, '2026-02-18 12:18:13');
INSERT INTO events (id, title, description, event_type, discount_rate, banner_image, start_date, end_date, is_active, month, is_recurring, priority, created_at) VALUES (15, '스승의 날 선물', '스승님께 감사 선물 15% 할인', 'holiday', 15, '/images/events/teachers-day.jpg', '2026-05-10', '2026-05-15', 1, 5, 1, 8, '2026-02-18 12:18:13');
INSERT INTO events (id, title, description, event_type, discount_rate, banner_image, start_date, end_date, is_active, month, is_recurring, priority, created_at) VALUES (16, '여름 냉차 시즌', '여름 냉차용 차 제품 20% 할인', 'season', 20, '/images/events/summer-cold-tea.jpg', '2026-06-01', '2026-08-31', 1, 6, 1, 10, '2026-02-18 12:18:13');
INSERT INTO events (id, title, description, event_type, discount_rate, banner_image, start_date, end_date, is_active, month, is_recurring, priority, created_at) VALUES (17, '장마철 특선 차', '장마철 면역력 강화 차 15% 할인', 'season', 15, '/images/events/rainy-season.jpg', '2026-06-15', '2026-07-15', 1, 6, 1, 8, '2026-02-18 12:18:13');
INSERT INTO events (id, title, description, event_type, discount_rate, banner_image, start_date, end_date, is_active, month, is_recurring, priority, created_at) VALUES (18, '여름 휴가 선물세트', '여름 휴가용 선물세트 20% 할인', 'season', 20, '/images/events/summer-vacation.jpg', '2026-07-01', '2026-08-31', 1, 7, 1, 10, '2026-02-18 12:18:13');
INSERT INTO events (id, title, description, event_type, discount_rate, banner_image, start_date, end_date, is_active, month, is_recurring, priority, created_at) VALUES (19, '삼복 건강차 특가', '삼복 건강차 제품 25% 할인', 'special', 25, '/images/events/sambok.jpg', '2026-07-15', '2026-08-15', 1, 7, 1, 9, '2026-02-18 12:18:13');
INSERT INTO events (id, title, description, event_type, discount_rate, banner_image, start_date, end_date, is_active, month, is_recurring, priority, created_at) VALUES (20, '광복절 애국 할인', '광복절 기념 전 제품 15% 할인', 'holiday', 15, '/images/events/liberation-day.jpg', '2026-08-10', '2026-08-15', 1, 8, 1, 10, '2026-02-18 12:18:13');
INSERT INTO events (id, title, description, event_type, discount_rate, banner_image, start_date, end_date, is_active, month, is_recurring, priority, created_at) VALUES (21, '여름 청산 세일', '여름 시즌 재고 정리 30% 할인', 'discount', 30, '/images/events/summer-clearance.jpg', '2026-08-15', '2026-08-31', 1, 8, 1, 9, '2026-02-18 12:18:13');
INSERT INTO events (id, title, description, event_type, discount_rate, banner_image, start_date, end_date, is_active, month, is_recurring, priority, created_at) VALUES (22, '추석 선물세트 대전', '추석 명절 선물세트 30% 할인', 'holiday', 30, '/images/events/chuseok.jpg', '2026-09-01', '2026-09-30', 1, 9, 1, 10, '2026-02-18 12:18:13');
INSERT INTO events (id, title, description, event_type, discount_rate, banner_image, start_date, end_date, is_active, month, is_recurring, priority, created_at) VALUES (23, '가을 햇곡식 특산품', '가을 햇곡식 특산물 20% 할인', 'season', 20, '/images/events/autumn-harvest.jpg', '2026-09-15', '2026-10-31', 1, 9, 1, 9, '2026-02-18 12:18:13');
INSERT INTO events (id, title, description, event_type, discount_rate, banner_image, start_date, end_date, is_active, month, is_recurring, priority, created_at) VALUES (24, '가을 단풍 차 여행', '가을 차산지 여행 패키지 20% 할인', 'special', 20, '/images/events/autumn-tea-tour.jpg', '2026-10-01', '2026-11-30', 1, 10, 1, 10, '2026-02-18 12:18:13');
INSERT INTO events (id, title, description, event_type, discount_rate, banner_image, start_date, end_date, is_active, month, is_recurring, priority, created_at) VALUES (25, '한글날 전통 공예', '한글날 전통 공예품 15% 할인', 'holiday', 15, '/images/events/hangeul-day.jpg', '2026-10-01', '2026-10-09', 1, 10, 1, 8, '2026-02-18 12:18:13');
INSERT INTO events (id, title, description, event_type, discount_rate, banner_image, start_date, end_date, is_active, month, is_recurring, priority, created_at) VALUES (26, '김장 특산품 세일', '김장철 지역 특산품 20% 할인', 'season', 20, '/images/events/kimjang.jpg', '2026-11-01', '2026-11-30', 1, 11, 1, 10, '2026-02-18 12:18:13');
INSERT INTO events (id, title, description, event_type, discount_rate, banner_image, start_date, end_date, is_active, month, is_recurring, priority, created_at) VALUES (27, '블랙프라이데이', '연말 대비 블랙프라이데이 25% 할인', 'discount', 25, '/images/events/black-friday.jpg', '2026-11-20', '2026-11-30', 1, 11, 1, 9, '2026-02-18 12:18:13');
INSERT INTO events (id, title, description, event_type, discount_rate, banner_image, start_date, end_date, is_active, month, is_recurring, priority, created_at) VALUES (28, '크리스마스 선물 대전', '크리스마스 선물세트 30% 할인', 'holiday', 30, '/images/events/christmas.jpg', '2026-12-01', '2026-12-25', 1, 12, 1, 10, '2026-02-18 12:18:13');
INSERT INTO events (id, title, description, event_type, discount_rate, banner_image, start_date, end_date, is_active, month, is_recurring, priority, created_at) VALUES (29, '연말정산 감사세일', '연말 정산 기념 25% 할인', 'discount', 25, '/images/events/year-end-sale.jpg', '2026-12-15', '2026-12-31', 1, 12, 1, 9, '2026-02-18 12:18:13');
INSERT INTO events (id, title, description, event_type, discount_rate, banner_image, start_date, end_date, is_active, month, is_recurring, priority, created_at) VALUES (30, '겨울 홍차 & 발효차', '겨울 따뜻한 홍차·발효차 20% 할인', 'season', 20, '/images/events/winter-tea.jpg', '2026-12-01', '2027-02-28', 1, 12, 1, 8, '2026-02-18 12:18:13');
